"NumCI","NumECI","NumPS","NumSCI","CI.1945","CI.1950","CI.1955","CI.1960","CI.1965","CI.1970","CI.1975","CI.AsiaPacific","CI.Australia","CI.GreatBritain","CI.WesternEurope","CI.English","CI.PhD","Success.CI","Unsuccess.CI","CI.Faculty19","CI.Faculty25","CI.Faculty31","CI.Faculty7","Duration0to5","Duration10to15","Duration5to10","DurationGT15","DurationLT0","DurationUnk","Astar.CI","A.CI","B.CI","C.CI","AstarTotal","ATotal","BTotal","CTotal","SEO730104","SEO730105","SEO730108","Sponsor2B","Sponsor4D","ContractValueBandA","ContractValueBandB","ContractValueBandC","ContractValueBandD","ContractValueBandUnk","GrantCat10A","GrantCat10B","GrantCat30B","GrantCat50A","GrantCatUnk","Aug","Jan","Jul","May","Nov","Oct","Sep","Fri","Mon","Sat","Thurs","Tues","Wed","Day","teste.testing.Class"
2,0,0,0,0,0,1,0,0,1,0,0,2,0,0,0,2,5,2,0,2,0,0,0,0,1,1,0,0,7,6,6,4,7,6,6,4,1,0,0,0,0,1,0,0,0,0,0,0,1,0,0,0,1,0,0,0,0,0,0,0,0,0,1,0,1,0
2,2,0,0,0,0,0,0,0,1,0,0,1,0,0,0,1,6,13,0,1,0,0,1,0,0,0,0,4,1,8,13,9,1,8,13,9,0,0,0,0,0,0,0,0,0,1,0,0,1,0,0,0,1,0,0,0,0,0,0,0,0,0,1,0,1,0
2,0,0,3,0,0,0,1,0,0,1,0,2,0,0,1,2,1,0,0,0,2,0,1,1,0,0,0,3,0,4,1,0,0,4,1,0,0,0,0,0,0,1,0,0,0,0,0,1,0,0,0,0,1,0,0,0,0,0,0,0,0,0,1,0,1,1
0,0,1,1,0,0,0,0,0,0,0,0,0,0,0,0,0,0,0,0,0,0,0,0,0,0,0,0,2,0,0,0,0,1,8,3,2,0,0,1,0,0,1,0,0,0,0,0,0,1,0,0,0,1,0,0,0,0,0,0,0,0,0,1,0,1,1
1,0,0,0,0,0,1,0,0,0,0,0,1,0,0,0,0,2,4,0,1,0,0,0,0,0,0,0,1,2,8,5,10,2,8,5,10,0,0,0,0,1,0,0,0,0,0,1,0,0,0,0,0,1,0,0,0,0,0,0,0,0,0,1,0,1,1
3,1,0,0,0,2,0,0,0,0,1,0,3,0,0,0,2,6,3,0,3,0,0,1,1,0,1,0,1,17,35,17,7,17,35,17,7,0,0,0,0,0,0,0,0,1,0,0,0,1,0,0,0,1,0,0,0,0,0,0,0,0,0,1,0,1,1
0,1,0,0,0,0,0,0,0,0,0,0,0,0,0,0,0,0,0,0,0,0,0,0,0,0,0,0,1,0,0,0,0,0,0,0,0,0,0,0,0,1,0,0,1,0,0,1,0,0,0,0,0,1,0,0,0,0,0,0,0,0,0,1,0,1,1
1,1,0,0,0,0,0,0,1,0,0,0,1,0,0,0,1,2,5,0,0,0,0,0,0,1,0,1,1,1,18,3,0,1,18,3,0,0,0,0,1,0,0,0,1,0,0,1,0,0,0,0,0,1,0,0,0,0,0,0,0,0,0,1,0,1,1
1,0,0,0,0,0,1,0,0,0,0,0,1,0,0,0,0,5,15,0,1,0,0,0,0,0,0,1,0,0,9,2,0,0,9,2,0,0,0,0,0,0,1,0,0,0,0,0,0,1,0,0,0,1,0,0,0,0,0,0,0,0,0,1,0,1,1
1,0,0,0,0,0,0,0,0,1,0,0,1,0,0,0,1,0,1,0,1,0,0,1,0,0,0,0,0,3,1,1,0,3,1,1,0,0,0,0,0,0,0,1,0,0,0,0,0,1,0,0,0,1,0,0,0,0,0,0,0,0,0,1,0,1,1
0,0,1,0,0,0,0,0,0,0,0,0,0,0,0,0,0,0,0,0,0,0,0,1,0,0,0,0,0,0,0,0,0,1,0,0,0,0,0,1,0,0,0,1,0,0,0,0,0,1,0,0,0,1,0,0,0,0,0,0,0,0,0,1,0,1,1
2,0,0,1,0,0,0,1,0,0,0,0,0,1,0,0,1,0,1,0,1,0,0,0,0,0,1,0,2,6,5,1,5,6,5,1,5,0,0,0,0,0,1,0,0,0,0,0,1,0,0,0,0,1,0,0,0,0,0,0,0,0,0,1,0,1,1
0,0,1,0,0,0,0,0,0,0,0,0,0,0,0,0,0,0,0,0,0,0,0,0,1,0,0,0,0,0,0,0,0,72,28,6,4,0,0,1,0,0,0,0,0,1,0,0,0,1,0,0,0,1,0,0,0,0,0,0,0,0,0,1,0,1,1
1,1,0,0,0,0,0,0,0,0,1,0,1,0,0,0,1,2,2,0,0,1,0,0,0,1,0,0,1,17,4,2,3,17,4,2,3,0,0,0,0,1,0,1,0,0,0,1,0,0,0,0,0,1,0,0,0,0,0,0,0,0,0,1,0,1,1
1,1,0,0,0,0,0,0,0,0,0,0,1,0,0,0,0,2,0,0,0,0,0,0,0,0,0,1,1,3,4,6,4,3,4,6,4,0,0,0,0,0,1,0,0,0,0,0,0,0,1,0,0,1,0,0,0,0,0,0,0,0,0,1,0,1,1
1,0,0,0,1,0,0,0,0,0,0,0,0,0,0,0,0,1,1,0,0,1,0,1,0,0,0,0,0,3,12,4,9,3,12,4,9,0,0,0,0,0,1,0,0,0,0,0,0,0,0,0,0,1,0,0,0,0,0,0,0,0,1,0,0,3,1
2,2,0,0,0,1,0,0,1,0,0,0,2,0,0,0,2,6,12,0,2,0,0,0,1,0,1,0,2,14,22,13,2,14,22,13,2,0,0,1,0,0,0,0,0,0,1,0,0,0,0,0,0,1,0,0,0,0,0,1,0,0,0,0,0,18,0
1,0,0,0,0,0,0,0,0,0,0,0,1,0,0,0,0,1,5,0,1,0,0,0,0,0,0,0,1,0,0,0,0,0,0,0,0,0,0,0,0,0,0,0,1,0,0,0,0,0,0,0,0,1,0,0,0,0,0,1,0,0,0,0,0,18,0
1,0,0,0,0,0,0,0,0,1,0,1,0,0,0,0,1,1,0,0,1,0,0,1,0,0,0,0,0,0,1,1,1,0,1,1,1,0,1,0,0,0,0,1,0,0,0,0,1,0,0,0,0,1,0,0,0,0,0,0,0,0,0,1,0,22,1
1,1,0,0,0,0,0,1,0,0,0,0,1,0,0,0,0,2,7,0,1,0,0,1,0,0,0,0,1,0,0,0,0,0,0,0,0,1,0,0,0,0,0,1,0,0,0,0,0,0,0,0,0,1,0,0,0,0,0,0,0,0,0,1,0,22,1
1,0,0,1,1,0,0,0,0,0,0,0,0,0,0,0,0,0,0,0,0,0,0,0,0,0,0,0,2,4,4,7,4,4,4,7,4,0,0,0,0,0,0,0,0,0,1,1,0,0,0,0,0,1,0,0,0,0,0,0,0,0,0,1,0,29,0
0,0,1,0,0,0,0,0,0,0,0,0,0,0,0,0,0,0,0,0,0,0,0,0,0,0,1,0,0,0,0,0,0,10,6,16,61,0,0,0,0,0,1,0,0,0,0,0,0,0,0,0,0,1,0,0,0,0,0,0,0,0,0,1,0,29,1
1,0,0,0,0,1,0,0,0,0,0,0,1,0,0,0,1,0,2,0,0,0,0,0,1,0,0,0,0,0,1,5,6,0,1,5,6,0,0,0,0,0,0,0,0,0,0,0,0,1,0,0,0,1,0,0,0,0,0,0,0,0,0,1,0,29,0
1,0,0,0,0,0,0,1,0,0,0,0,1,0,0,0,1,0,0,0,1,0,0,0,1,0,0,0,0,2,10,8,10,2,10,8,10,0,0,0,1,0,0,0,0,0,0,1,0,0,0,0,0,1,0,0,0,0,0,0,0,0,0,1,0,29,1
2,0,0,0,1,0,0,0,0,1,0,0,1,0,0,0,1,1,0,0,0,0,0,0,0,1,0,0,1,0,3,3,0,0,3,3,0,0,0,0,0,0,1,0,0,0,0,0,0,1,0,0,0,1,0,0,0,0,0,0,0,0,0,0,1,30,1
2,4,0,0,0,1,0,0,0,0,0,0,1,0,0,0,0,1,0,0,1,0,0,0,0,0,1,0,5,4,3,5,1,4,3,5,1,0,0,0,0,0,0,0,1,0,0,0,0,0,0,0,0,0,0,0,0,0,0,1,0,0,0,0,0,1,1
1,0,0,0,0,0,0,0,1,0,0,0,1,0,0,0,1,0,0,0,0,0,0,1,0,0,0,0,0,0,4,1,2,0,4,1,2,0,0,0,1,0,1,0,0,0,0,1,0,0,0,0,0,0,0,0,0,0,0,1,0,0,0,0,0,1,1
1,0,0,0,0,0,1,0,0,0,0,0,1,0,0,0,1,0,4,0,1,0,0,0,0,0,1,0,0,9,16,11,4,9,16,11,4,0,1,0,0,0,1,0,0,0,0,0,0,0,0,0,0,0,0,0,0,0,0,1,0,0,0,0,0,1,0
1,0,0,1,0,1,0,0,0,0,0,0,1,0,0,0,1,3,2,0,0,1,0,0,0,0,1,0,1,4,20,17,5,4,20,17,5,0,0,0,0,0,1,0,0,0,0,1,0,0,0,0,0,0,0,0,0,0,0,0,1,0,0,0,0,4,1
2,0,0,0,0,0,0,0,1,0,0,0,2,0,0,0,1,6,16,0,2,0,0,0,1,0,0,0,1,16,18,11,5,16,18,11,5,0,0,0,0,0,0,0,0,0,0,0,0,0,0,0,0,0,0,0,0,0,0,0,0,0,0,0,1,6,0
1,0,0,0,0,0,0,0,0,1,0,0,1,0,0,0,1,1,5,0,1,0,0,1,0,0,0,0,0,0,1,8,20,0,1,8,20,0,0,0,0,0,1,0,0,0,0,0,0,0,0,0,0,0,0,0,0,0,0,0,0,0,0,0,1,6,1
1,0,0,0,0,0,0,0,0,0,1,0,1,0,0,0,1,0,3,0,1,0,0,0,0,1,0,0,0,1,3,1,1,1,3,1,1,0,0,0,0,0,0,1,0,0,0,0,0,0,0,0,0,0,0,0,0,0,0,0,0,0,1,0,0,7,0
2,0,0,0,0,0,0,0,0,1,1,0,1,0,1,0,2,2,8,0,2,0,0,2,0,1,0,0,0,7,4,2,3,7,4,2,3,0,0,0,0,0,0,0,0,0,1,0,0,1,0,0,0,0,0,0,0,0,0,0,0,0,1,0,0,7,0
0,2,0,0,0,0,0,0,0,0,0,0,0,0,0,0,0,0,0,0,0,0,0,0,0,0,0,0,2,0,0,0,0,0,0,0,0,0,0,0,0,0,1,0,0,0,0,0,0,0,0,0,0,0,0,0,0,0,0,0,0,0,1,0,0,7,0
1,1,0,0,0,1,0,0,0,0,0,0,1,0,0,0,0,3,17,0,1,0,0,0,1,0,0,0,1,6,6,2,0,6,6,2,0,0,0,1,0,0,0,1,0,0,0,0,0,0,0,0,0,0,0,0,0,0,0,0,1,0,0,0,0,11,0
2,0,0,0,0,1,0,0,1,0,0,0,1,0,0,0,0,5,19,0,2,0,0,1,1,0,0,0,0,1,0,0,0,1,0,0,0,0,0,1,0,0,0,1,0,0,0,0,0,0,0,0,0,0,0,0,0,0,0,0,1,0,0,0,0,11,0
1,0,0,0,0,0,0,0,1,0,0,0,1,0,0,0,1,2,0,0,0,0,0,1,0,0,0,0,0,0,4,1,2,0,4,1,2,0,0,0,1,0,0,0,0,0,0,1,0,0,0,0,0,0,0,0,0,0,0,0,1,0,0,0,0,11,1
1,0,0,0,0,0,0,1,0,0,0,0,1,0,0,0,0,0,4,0,1,0,0,0,0,1,0,0,0,2,3,2,1,2,3,2,1,0,0,0,0,0,0,0,0,0,0,0,0,0,0,0,0,0,0,0,0,0,0,0,0,0,0,1,0,12,0
0,1,0,0,0,0,0,0,0,0,0,0,0,0,0,0,0,0,0,0,0,0,0,0,0,0,0,0,1,0,0,0,0,0,0,0,0,0,0,1,0,0,0,1,0,0,0,0,0,1,0,0,0,0,0,0,0,0,0,0,0,0,0,1,0,12,0
1,0,0,0,1,0,0,0,0,0,0,0,1,0,0,0,1,3,4,0,1,0,0,0,0,0,1,0,0,9,22,7,9,9,22,7,9,0,0,0,0,0,0,0,0,0,1,0,0,0,0,0,0,0,0,0,0,0,0,0,0,0,1,0,0,14,0
3,2,0,0,0,0,1,1,1,0,0,0,2,1,0,0,1,6,6,0,3,0,0,0,1,1,0,1,2,13,50,51,38,13,50,51,38,0,0,0,0,0,1,0,0,0,0,0,1,0,0,0,0,0,0,0,0,0,0,0,0,0,1,0,0,14,1
2,0,0,0,1,0,0,0,0,1,0,0,2,0,0,0,2,1,2,2,0,0,0,2,0,0,0,0,0,0,0,1,2,0,0,1,2,0,0,0,0,0,1,0,0,0,0,0,0,1,0,0,0,0,0,0,0,0,0,0,0,0,1,0,0,21,1
1,1,0,0,0,1,0,0,0,0,0,0,1,0,0,0,1,4,2,1,0,0,0,0,0,0,1,0,1,3,41,4,0,3,41,4,0,0,0,0,0,0,0,0,0,0,0,0,0,0,0,0,0,0,0,0,0,0,0,0,0,0,1,0,0,28,0
1,0,0,0,0,0,0,0,0,0,1,1,0,0,0,0,0,1,1,0,0,1,0,0,0,0,0,0,1,7,2,1,0,7,2,1,0,0,0,0,0,0,0,0,0,0,1,0,0,1,0,0,0,0,0,0,0,0,0,0,0,0,1,0,0,28,0
1,0,0,0,0,1,0,0,0,0,0,0,1,0,0,0,0,0,1,0,0,0,0,0,0,0,0,0,1,0,1,1,2,0,1,1,2,0,0,0,0,0,0,0,0,1,0,0,0,0,0,1,0,0,0,0,0,0,0,0,0,1,0,0,0,1,1
4,2,0,1,0,0,0,1,0,1,2,0,2,0,0,0,2,4,4,0,2,0,0,1,0,1,0,0,6,6,4,24,14,6,4,28,18,0,0,0,0,0,0,0,0,1,0,0,1,0,0,0,0,0,0,0,0,0,0,0,0,1,0,0,0,1,1
3,0,0,0,1,0,0,2,0,0,0,0,3,0,0,0,1,4,2,0,3,0,0,0,0,1,2,0,0,13,17,13,7,13,17,13,7,0,0,0,0,1,0,0,1,0,0,1,0,0,0,0,0,0,0,0,0,0,0,0,0,1,0,0,0,1,1
1,1,0,0,0,1,0,0,0,0,0,0,1,0,0,0,0,1,1,0,0,0,1,1,0,0,0,0,1,0,0,0,0,0,0,0,0,0,0,0,1,0,0,1,0,0,0,1,0,0,0,0,0,0,0,0,0,0,0,0,1,0,0,0,0,3,1
1,0,0,1,0,1,0,0,0,0,0,0,0,0,0,0,1,1,0,0,0,1,0,0,0,0,1,0,1,0,6,5,7,0,6,5,7,0,0,0,0,0,1,0,0,0,0,0,0,0,0,0,0,0,0,0,0,0,0,0,1,0,0,0,0,3,1
2,0,0,0,0,1,0,0,1,0,0,0,1,1,0,0,1,5,5,0,0,1,0,1,0,1,0,0,0,1,18,3,0,1,18,3,0,0,0,0,1,0,0,0,0,1,0,1,0,0,0,0,0,0,0,0,0,0,0,0,1,0,0,0,0,3,1
2,0,0,0,1,0,0,1,0,0,0,0,2,0,0,0,2,2,1,2,0,0,0,0,0,1,1,0,0,8,0,12,0,8,0,12,0,0,0,0,1,0,0,0,0,0,0,1,0,0,0,0,0,0,0,0,0,0,0,0,1,0,0,0,0,3,1
2,0,0,0,0,0,0,0,0,0,1,0,2,0,0,0,1,1,2,2,0,0,0,1,0,1,0,0,0,2,1,7,0,2,1,7,0,0,0,0,1,0,0,1,0,0,0,1,0,0,0,0,0,0,0,0,0,0,0,0,1,0,0,0,0,3,1
2,0,1,0,0,2,0,0,0,0,0,0,1,0,0,0,2,0,4,0,1,0,0,1,1,1,0,0,0,0,1,5,6,16,15,14,12,0,0,0,1,0,0,0,1,0,0,1,0,0,0,0,0,0,0,0,0,0,0,0,1,0,0,0,0,3,1
2,0,0,0,0,0,1,1,0,0,0,0,2,0,0,0,2,4,1,0,0,0,2,0,1,0,1,0,0,11,3,2,12,11,3,2,12,0,0,0,1,0,0,0,1,0,0,1,0,0,0,0,0,0,0,0,0,0,0,0,1,0,0,0,0,3,1
1,0,0,0,0,0,0,0,1,0,0,0,0,0,1,1,1,2,5,0,0,0,0,0,0,1,0,0,0,1,21,3,2,1,21,3,2,0,0,0,1,0,0,0,0,0,1,1,0,0,0,0,0,0,0,0,0,0,0,0,1,0,0,0,0,3,0
1,3,0,0,0,0,1,0,0,0,0,0,1,0,0,0,0,0,3,0,1,0,0,0,0,0,0,1,3,0,0,2,0,0,0,2,0,0,0,1,1,0,0,0,0,0,1,1,0,0,0,0,0,0,0,0,0,0,0,0,1,0,0,0,0,3,0
3,0,0,0,0,0,0,1,1,0,0,0,2,1,0,0,1,7,9,0,3,0,0,3,0,0,0,0,0,1,19,19,14,1,19,19,14,0,0,0,1,0,0,0,0,1,0,1,0,0,0,0,0,0,0,0,0,0,0,0,1,0,0,0,0,3,1
0,0,0,0,0,0,0,0,0,0,0,0,0,0,0,0,0,0,0,0,0,0,0,0,0,0,0,0,1,0,0,0,0,0,0,0,0,0,0,0,0,0,0,0,0,0,1,0,0,0,0,1,0,0,0,0,0,0,0,1,0,0,0,0,0,14,0
5,0,0,0,0,1,0,1,2,0,1,0,3,1,0,0,3,3,5,0,4,0,0,1,1,2,0,0,1,39,131,60,51,39,131,60,51,0,0,0,0,1,0,0,0,1,0,1,0,0,0,0,0,0,0,0,0,0,0,0,1,0,0,0,0,31,1
0,0,1,0,0,0,0,0,0,0,0,0,0,0,0,0,0,0,0,0,0,0,0,0,0,0,1,0,0,0,0,0,0,10,6,16,61,0,0,0,0,0,0,1,0,0,0,0,0,1,0,0,0,0,0,0,0,0,0,0,1,0,0,0,0,31,1
1,1,0,0,0,0,0,1,0,0,0,0,1,0,0,0,0,0,5,1,0,0,0,1,0,0,0,0,1,10,16,5,0,10,16,5,0,0,0,0,0,0,0,1,0,0,0,0,0,0,0,0,0,0,0,0,0,0,0,0,1,0,0,0,0,31,0
1,0,0,0,0,0,0,0,1,0,0,0,0,0,0,0,1,1,2,1,0,0,0,0,0,1,0,0,0,0,3,14,4,0,3,14,4,0,0,0,0,0,1,0,0,0,0,0,0,0,0,1,0,0,0,0,0,0,0,0,0,0,0,1,0,1,1
1,0,0,0,0,0,0,1,0,0,0,0,0,0,1,0,1,1,1,0,1,0,0,0,1,0,0,0,0,5,2,2,1,5,2,2,1,0,0,0,0,0,0,1,0,0,0,0,0,1,0,0,0,0,0,0,0,0,0,0,0,0,0,0,1,2,1
1,0,0,0,0,0,0,0,1,0,0,1,0,0,0,0,1,1,1,0,0,0,0,1,0,0,0,0,0,2,1,0,1,2,1,0,1,0,0,0,0,0,1,0,0,0,0,0,0,1,0,0,0,0,0,0,0,0,0,0,0,0,0,0,1,2,1
1,0,0,1,0,0,0,0,0,1,0,0,0,1,0,0,1,3,10,0,1,0,0,1,0,0,0,0,1,3,9,8,0,3,9,8,0,1,0,0,0,0,1,0,0,0,0,0,0,1,0,0,0,0,0,0,0,0,0,0,0,0,1,0,0,3,0
1,0,0,0,0,0,0,0,0,1,0,0,0,1,0,0,1,1,1,0,0,0,0,1,0,0,0,0,0,0,0,1,1,0,0,1,1,0,0,0,0,0,1,0,0,0,0,0,0,1,0,0,0,0,0,0,0,0,0,1,0,0,0,0,0,4,1
1,0,0,0,0,0,0,1,0,0,0,0,1,0,0,1,1,0,6,0,0,0,1,0,0,0,1,0,0,2,2,1,1,2,2,1,1,0,0,0,0,0,0,1,0,0,0,0,0,0,0,0,0,0,0,0,0,0,0,0,1,0,0,0,0,7,0
1,0,0,0,0,0,0,0,0,1,0,0,1,0,0,0,1,4,3,1,0,0,0,1,0,0,0,0,0,3,2,3,1,3,2,3,1,0,0,0,0,0,0,0,0,0,0,0,0,1,0,0,0,0,0,0,0,0,0,0,1,0,0,0,0,7,0
1,0,0,0,0,0,1,0,0,0,0,0,0,0,1,0,0,1,3,0,0,0,0,0,0,0,0,0,1,2,0,8,1,2,0,8,1,0,0,0,0,0,1,0,0,0,0,0,0,0,0,1,0,0,0,0,0,0,0,0,1,0,0,0,0,7,1
2,2,0,0,0,0,1,0,0,0,0,0,1,0,0,1,1,7,2,2,0,0,0,0,0,1,0,1,2,10,6,5,0,10,6,5,0,0,0,0,0,0,0,0,0,1,0,1,0,0,0,0,0,0,0,0,0,0,0,0,0,0,0,1,0,8,0
2,3,0,0,0,0,0,2,0,0,0,0,2,0,0,0,1,0,1,0,2,0,0,0,1,0,0,1,3,0,3,7,5,0,3,7,5,0,0,0,0,0,0,1,0,0,0,0,0,0,0,0,0,0,0,0,0,0,0,0,0,0,0,1,0,8,1
2,2,0,0,1,0,0,0,1,0,0,0,1,0,1,0,1,4,10,0,2,0,0,0,0,1,1,0,2,2,2,0,0,2,2,0,0,0,0,0,0,1,0,0,1,0,0,1,0,0,0,0,0,0,0,0,0,0,0,0,0,0,0,0,1,9,0
3,0,0,0,0,2,1,0,0,0,0,0,3,0,0,0,2,1,6,0,3,0,0,0,0,1,2,0,0,35,26,13,8,35,26,13,8,0,1,0,0,1,0,0,0,0,0,1,0,0,0,0,0,0,0,0,0,0,0,0,0,0,0,0,1,9,0
1,0,0,0,0,0,1,0,0,0,0,0,1,0,0,0,1,0,0,1,0,0,0,0,0,1,0,0,0,0,0,2,1,0,0,2,1,0,0,0,0,0,1,0,0,0,0,0,0,0,0,1,0,0,0,0,0,0,0,0,0,0,1,0,0,10,1
5,1,0,0,0,0,0,3,0,2,0,1,1,0,0,1,2,0,1,0,0,1,0,0,0,2,0,0,4,1,4,9,9,1,4,9,9,0,0,0,0,0,0,0,0,1,0,0,0,0,0,0,0,0,0,0,0,0,0,1,0,0,0,0,0,11,1
1,3,0,0,0,0,1,0,0,0,0,0,1,0,0,0,1,0,1,0,1,0,0,1,0,0,0,0,3,0,0,3,3,0,0,3,3,0,0,0,0,0,1,0,0,0,0,0,0,0,0,0,0,0,0,0,0,0,0,0,1,0,0,0,0,14,1
1,0,0,0,0,0,1,0,0,0,0,0,1,0,0,0,1,1,5,0,0,0,0,0,0,1,0,0,0,0,2,0,1,0,2,0,1,0,0,0,0,0,0,0,0,0,1,0,0,0,0,0,0,0,0,0,0,0,0,0,0,0,0,0,1,16,0
4,1,0,0,0,0,1,0,1,0,0,0,1,1,0,0,1,2,4,0,0,0,0,1,0,0,1,0,3,0,0,0,0,0,0,0,0,0,0,0,0,0,1,0,0,0,0,1,0,0,0,0,0,0,0,0,0,0,0,0,1,0,0,0,0,21,1
1,0,0,0,0,0,0,0,0,0,1,0,0,0,0,0,0,0,1,0,1,0,0,1,0,0,0,0,0,0,0,0,0,0,0,0,0,0,0,1,0,1,0,0,0,0,1,1,0,0,0,0,0,0,0,0,0,0,0,0,1,0,0,0,0,21,0
1,0,0,1,0,0,0,1,0,0,0,0,0,1,0,0,1,3,4,0,1,0,0,0,1,0,0,0,1,9,12,9,8,9,12,9,8,0,0,0,0,0,1,0,0,0,0,0,0,1,0,0,0,0,0,0,0,0,0,0,1,0,0,0,0,21,1
1,0,0,0,0,1,0,0,0,0,0,0,1,0,0,0,1,4,3,1,0,0,0,0,0,0,1,0,0,3,41,4,0,3,41,4,0,0,0,0,1,0,0,0,0,0,1,1,0,0,0,0,0,0,0,0,0,0,0,0,0,0,0,1,0,22,0
0,1,0,0,0,0,0,0,0,0,0,0,0,0,0,0,0,0,0,0,0,0,0,0,0,0,0,0,1,0,0,0,0,0,0,0,0,0,0,0,1,0,0,0,0,0,1,1,0,0,0,0,0,0,0,0,0,0,0,0,0,0,0,1,0,22,0
0,0,1,0,0,0,0,0,0,0,0,0,0,0,0,0,0,0,0,0,0,0,0,0,0,0,1,0,0,0,0,0,0,7,39,11,6,0,0,0,1,0,0,0,0,0,1,1,0,0,0,0,0,0,0,0,0,0,0,0,0,0,0,1,0,22,0
1,0,0,0,0,0,0,0,1,0,0,0,1,0,0,0,1,1,1,0,1,0,0,0,0,1,0,0,0,4,8,10,8,4,8,10,8,0,0,0,1,0,0,0,0,0,1,1,0,0,0,0,0,0,0,0,0,0,0,0,0,0,0,1,0,22,0
1,0,0,0,0,1,0,0,0,0,0,0,1,0,0,0,1,3,2,0,0,1,0,0,0,0,1,0,0,2,9,6,1,2,9,6,1,0,0,0,1,0,0,0,0,0,1,1,0,0,0,0,0,0,0,0,0,0,0,0,0,0,0,1,0,22,0
1,2,0,0,0,0,0,0,0,1,0,0,1,0,0,0,1,9,1,0,0,1,0,1,0,0,0,0,3,21,3,4,0,21,3,4,0,0,0,0,0,0,1,0,0,0,0,0,1,0,0,0,0,0,0,0,0,0,0,0,0,0,0,1,0,22,0
4,0,0,0,0,0,0,1,1,1,1,0,2,0,0,0,2,2,4,0,3,0,0,1,0,2,0,0,1,22,27,11,17,22,27,11,17,0,0,0,0,0,1,0,0,0,0,0,0,0,0,0,0,0,0,0,0,0,0,0,1,0,0,0,0,28,0
1,0,0,0,0,0,1,0,0,0,0,0,1,0,0,0,0,3,12,0,1,0,0,0,0,1,0,0,0,16,16,7,7,16,16,7,7,0,0,0,0,0,0,1,0,0,0,0,0,0,0,0,0,0,0,0,0,0,0,0,0,0,0,0,1,30,0
1,0,0,0,0,0,1,0,0,0,0,0,1,0,0,0,1,1,6,0,0,0,0,0,0,1,0,0,0,0,2,0,1,0,2,0,1,0,0,0,0,0,0,0,0,0,1,0,0,0,0,0,0,0,0,0,0,0,0,0,0,0,0,0,1,30,0
0,1,0,0,0,0,0,0,0,0,0,0,0,0,0,0,0,0,0,0,0,0,0,0,0,0,0,0,1,0,0,0,0,0,0,0,0,1,0,0,0,1,0,0,0,1,0,1,0,0,0,0,0,0,0,0,0,0,0,0,0,0,0,0,1,30,1
0,1,1,0,0,0,0,0,0,0,0,0,0,0,0,0,0,0,0,0,0,0,0,0,1,0,0,0,1,0,0,0,0,72,28,6,4,0,0,1,0,1,0,0,0,0,0,1,0,0,0,0,0,0,0,0,0,0,0,0,0,0,0,0,1,30,0
2,1,0,0,0,0,1,0,0,0,0,0,2,0,0,1,1,1,13,0,2,0,0,0,1,0,1,0,1,24,46,22,6,24,46,22,6,0,0,1,0,1,0,0,0,0,0,1,0,0,0,0,0,0,0,0,0,0,0,0,0,0,0,0,1,30,0
1,0,0,0,0,0,0,0,0,0,1,0,1,0,0,0,1,1,0,0,1,0,0,1,0,0,0,0,0,0,1,0,0,0,1,0,0,0,0,0,0,1,0,0,0,0,0,1,0,0,0,0,0,0,0,1,0,0,0,0,0,0,1,0,0,1,1
0,1,0,0,0,0,0,0,0,0,0,0,0,0,0,0,0,0,0,0,0,0,0,0,0,0,0,0,1,0,0,0,0,0,0,0,0,0,0,0,0,1,0,0,0,0,1,1,0,0,0,0,0,0,0,1,0,0,0,0,0,0,1,0,0,1,0
1,0,0,0,0,0,0,0,0,0,1,0,0,0,0,0,0,0,3,0,1,0,0,1,0,0,0,0,0,0,0,0,0,0,0,0,0,1,0,0,0,1,0,0,0,0,1,1,0,0,0,0,0,0,0,1,0,0,0,0,0,0,1,0,0,1,0
0,1,0,0,0,0,0,0,0,0,0,0,0,0,0,0,0,0,0,0,0,0,0,0,0,0,0,0,1,0,0,0,0,0,0,0,0,0,0,1,0,1,0,0,0,0,1,1,0,0,0,0,0,0,0,1,0,0,0,0,0,0,1,0,0,1,0
1,0,0,0,0,0,0,0,1,0,0,1,0,0,0,0,1,2,2,0,1,0,0,0,0,1,0,0,0,1,10,2,0,1,10,2,0,0,0,0,0,1,0,0,0,0,1,1,0,0,0,0,0,0,0,1,0,0,0,0,0,0,1,0,0,1,0
1,0,0,0,0,0,0,0,0,1,0,0,1,0,0,0,1,2,1,0,1,0,0,0,0,0,0,1,0,3,15,3,5,3,15,3,5,1,0,0,0,1,0,0,0,0,1,1,0,0,0,0,0,0,0,1,0,0,0,0,0,0,1,0,0,1,0
2,0,0,0,0,0,0,1,1,0,0,0,2,0,0,0,2,8,2,0,2,0,0,0,0,2,0,0,0,3,8,21,15,3,8,21,15,0,0,0,0,0,0,0,1,0,0,0,0,0,0,0,0,0,0,1,0,0,0,0,0,0,1,0,0,1,1
1,0,0,0,0,0,0,0,0,1,0,0,1,0,0,0,0,0,1,0,1,0,0,1,0,0,0,0,0,2,0,0,0,2,0,0,0,0,0,0,0,1,0,0,0,0,1,1,0,0,0,0,0,0,0,1,0,0,0,0,0,0,1,0,0,1,0
1,0,0,0,0,0,0,0,0,1,0,0,0,0,0,0,0,1,1,0,1,0,0,1,0,0,0,0,0,0,0,0,0,0,0,0,0,0,0,0,0,1,0,0,0,0,1,1,0,0,0,0,0,0,0,1,0,0,0,0,0,0,1,0,0,1,0
1,0,0,0,0,0,0,0,0,1,0,0,1,0,0,0,1,5,9,0,1,0,0,0,0,1,0,0,0,9,6,7,0,9,6,7,0,0,1,0,0,1,0,0,0,0,0,1,0,0,0,0,0,0,0,1,0,0,0,0,0,0,1,0,0,1,1
1,0,0,0,0,0,0,0,1,0,0,0,1,0,0,0,1,2,4,0,1,0,0,0,1,0,0,0,0,2,5,2,0,2,5,2,0,0,0,0,0,1,0,0,0,0,1,1,0,0,0,0,0,0,0,1,0,0,0,0,0,0,1,0,0,1,0
1,0,0,0,0,0,0,1,0,0,0,0,1,0,0,0,1,0,4,0,1,0,0,0,0,0,0,1,0,1,5,2,1,1,5,2,1,1,0,0,0,1,0,0,0,0,1,1,0,0,0,0,0,0,0,1,0,0,0,0,0,0,1,0,0,1,0
0,1,0,0,0,0,0,0,0,0,0,0,0,0,0,0,0,0,0,0,0,0,0,0,0,0,0,0,1,0,0,0,0,0,0,0,0,1,0,0,0,1,0,0,0,0,1,1,0,0,0,0,0,0,0,1,0,0,0,0,0,0,1,0,0,1,0
1,0,0,0,0,0,0,0,1,0,0,1,0,0,0,1,1,1,4,0,1,0,0,1,0,0,0,0,0,9,4,5,2,9,4,5,2,0,0,0,0,1,0,0,0,0,1,1,0,0,0,0,0,0,0,1,0,0,0,0,0,0,1,0,0,1,0
1,0,0,0,0,0,0,0,1,0,0,0,1,0,0,0,1,0,1,0,1,0,0,1,0,0,0,0,0,2,8,2,0,2,8,2,0,0,0,0,0,1,0,0,0,0,1,1,0,0,0,0,0,0,0,1,0,0,0,0,0,0,1,0,0,1,0
1,0,0,0,0,1,0,0,0,0,0,0,1,0,0,0,0,2,6,0,1,0,0,1,0,0,0,0,0,8,3,0,0,8,3,0,0,0,0,1,0,1,0,0,0,0,0,1,0,0,0,0,0,0,0,1,0,0,0,0,0,0,1,0,0,1,1
1,0,0,0,0,0,0,0,0,1,0,0,1,0,0,0,1,0,9,0,1,0,0,0,0,1,0,0,0,4,7,2,0,4,7,2,0,0,0,0,0,1,0,0,0,0,1,1,0,0,0,0,0,0,0,1,0,0,0,0,0,0,1,0,0,1,0
1,0,0,0,0,0,0,0,0,0,1,0,1,0,0,0,1,1,4,0,1,0,0,1,0,0,0,0,0,2,3,2,0,2,3,2,0,0,0,0,0,1,0,0,0,0,1,1,0,0,0,0,0,0,0,1,0,0,0,0,0,0,1,0,0,1,0
1,0,0,0,0,0,0,0,0,1,0,0,1,0,0,0,1,2,1,0,1,0,0,1,0,0,0,0,0,6,12,2,1,6,12,2,1,0,0,0,0,1,0,0,0,0,0,1,0,0,0,0,0,0,0,1,0,0,0,0,0,0,1,0,0,1,1
1,0,0,0,0,0,0,0,0,0,1,0,1,0,0,0,0,0,4,0,1,0,0,0,0,0,0,0,1,1,1,2,0,1,1,2,0,0,0,1,0,1,0,0,0,0,1,1,0,0,0,0,0,0,0,1,0,0,0,0,0,0,1,0,0,1,0
2,0,0,0,0,2,0,0,0,0,0,0,1,0,1,0,1,9,11,0,2,0,0,1,0,0,1,0,0,3,3,8,11,3,3,8,11,0,0,0,0,0,1,0,0,0,0,0,0,0,0,1,0,0,0,1,0,0,0,1,0,0,0,0,0,2,1
2,0,0,1,0,0,1,0,0,0,1,0,0,0,0,0,1,0,0,0,1,0,0,0,0,0,1,0,3,0,1,0,0,0,1,0,0,0,0,0,0,0,1,0,0,0,0,0,1,0,0,0,0,0,0,1,0,0,0,0,1,0,0,0,0,5,0
1,0,0,0,0,0,0,0,0,1,0,0,1,0,0,0,1,0,5,0,1,0,0,1,0,0,0,0,0,0,0,0,0,0,0,0,0,0,0,0,0,0,0,1,0,0,0,0,0,1,0,0,0,0,0,1,0,0,0,0,0,0,0,0,1,7,0
1,0,0,0,0,0,0,0,1,0,0,0,1,0,0,0,1,4,4,0,1,0,0,0,0,1,0,0,0,10,26,15,14,10,26,15,14,0,0,0,0,1,0,0,0,0,0,1,0,0,0,0,0,0,0,1,0,0,0,0,1,0,0,0,0,12,1
1,0,0,0,0,0,0,1,0,0,0,0,1,0,0,0,0,3,7,0,1,0,0,1,0,0,0,0,0,2,8,7,1,2,8,7,1,1,0,0,0,1,0,0,1,0,0,1,0,0,0,0,0,0,0,1,0,0,0,0,1,0,0,0,0,12,1
1,0,0,0,0,0,0,0,1,0,0,0,1,0,0,0,1,1,1,0,1,0,0,0,1,0,0,0,0,14,22,13,2,14,22,13,2,0,0,0,0,1,0,0,0,0,1,1,0,0,0,0,0,0,0,1,0,0,0,0,1,0,0,0,0,12,0
1,0,0,0,0,0,1,0,0,0,0,0,1,0,0,0,0,2,1,0,1,0,0,1,0,0,0,0,0,0,15,6,1,0,15,6,1,1,0,0,0,1,0,0,1,0,0,1,0,0,0,0,0,0,0,1,0,0,0,0,1,0,0,0,0,12,1
1,0,0,0,0,0,0,0,1,0,0,1,0,0,0,0,0,0,2,0,1,0,0,0,0,1,0,0,0,0,3,2,0,0,3,2,0,1,0,0,0,1,0,0,0,0,1,1,0,0,0,0,0,0,0,1,0,0,0,0,1,0,0,0,0,12,0
1,0,0,0,0,0,0,0,1,0,0,0,1,0,0,0,1,1,2,0,1,0,0,0,0,1,0,0,0,4,8,10,8,4,8,10,8,0,0,0,0,1,0,0,0,0,1,1,0,0,0,0,0,0,0,1,0,0,0,0,1,0,0,0,0,12,0
1,0,0,0,0,0,0,1,0,0,0,0,1,0,0,0,1,1,0,0,0,0,0,1,0,0,0,0,0,0,8,9,1,0,8,9,1,0,0,0,0,0,1,0,0,0,0,0,0,0,0,1,0,0,0,1,0,0,0,0,1,0,0,0,0,12,1
1,0,0,0,0,0,0,0,1,0,0,0,1,0,0,0,1,4,2,0,1,0,0,0,1,0,0,0,0,2,7,27,34,2,7,27,34,0,0,0,0,1,0,0,0,0,0,1,0,0,0,0,0,0,0,1,0,0,0,0,1,0,0,0,0,12,1
2,3,0,0,0,0,0,1,0,0,1,0,2,0,0,0,2,2,4,1,1,0,0,1,0,1,0,0,3,3,2,0,0,3,2,0,0,0,0,0,0,0,0,0,0,0,1,0,0,0,0,0,0,0,0,1,0,0,0,0,1,0,0,0,0,19,0
1,0,0,0,0,0,0,1,0,0,0,0,1,0,0,0,1,1,0,0,1,0,0,1,0,0,0,0,0,1,1,0,0,1,1,0,0,0,0,0,0,0,1,0,0,0,0,0,0,1,0,0,0,0,0,1,0,0,0,0,1,0,0,0,0,19,1
1,0,0,0,0,0,0,0,1,0,0,1,0,0,0,0,1,2,1,0,0,0,0,1,0,0,0,0,0,2,1,0,1,2,1,0,1,0,0,0,0,0,1,0,0,0,0,0,0,1,0,0,0,0,0,1,0,0,0,0,1,0,0,0,0,19,1
2,0,0,0,0,0,0,1,1,0,0,0,2,0,0,0,0,4,13,0,2,0,0,1,0,1,0,0,0,0,0,0,0,0,0,0,0,0,1,0,0,0,0,0,1,0,0,0,1,0,0,0,0,0,0,1,0,0,0,0,0,0,0,1,0,20,0
1,0,0,1,0,0,0,0,1,0,0,0,0,0,1,0,1,0,7,0,0,0,0,1,0,0,0,0,1,3,23,15,13,3,23,15,13,0,0,0,0,0,1,0,0,0,0,0,0,0,0,0,0,0,0,1,0,0,0,0,0,0,0,0,1,21,0
1,0,0,1,0,0,1,0,0,0,0,0,1,0,0,0,1,2,0,0,0,1,0,0,0,0,1,0,1,2,26,13,2,2,26,13,2,0,0,0,0,0,1,0,0,0,0,0,0,0,0,0,0,0,0,1,0,0,0,0,0,0,0,0,1,21,1
1,0,0,0,0,0,0,1,0,0,0,0,1,0,0,0,1,3,2,0,0,0,0,0,0,0,1,0,1,0,0,0,0,0,0,1,0,0,0,0,0,0,1,0,0,0,0,0,0,0,1,0,0,0,0,1,0,0,0,0,0,0,0,1,0,27,1
2,0,0,0,0,0,0,1,0,0,1,0,1,0,0,1,0,8,13,0,2,0,0,0,0,1,0,1,0,6,6,0,3,6,6,0,3,0,0,0,0,0,0,1,0,0,0,0,0,0,0,0,0,0,0,1,0,0,0,0,0,0,0,0,1,28,0
1,0,0,1,0,0,0,0,0,0,1,0,1,0,0,1,1,3,3,0,0,1,0,0,0,1,0,0,1,0,3,1,0,0,3,1,0,0,0,0,0,0,1,0,0,0,0,0,0,1,0,0,0,0,0,1,0,0,0,0,0,0,0,0,1,28,1
3,0,0,0,0,1,1,0,0,1,0,0,3,0,0,0,3,9,14,0,3,0,0,2,0,0,1,0,0,1,8,18,17,1,8,18,17,0,0,0,0,0,0,0,1,0,0,0,1,0,0,0,0,0,0,1,0,0,0,0,0,0,1,0,0,29,1
1,0,0,0,0,0,0,1,0,0,0,0,0,1,0,0,1,0,1,0,0,1,0,0,0,1,0,0,0,4,7,4,3,4,7,4,3,0,0,0,0,0,1,0,0,0,0,0,0,0,0,1,0,0,0,1,0,0,0,1,0,0,0,0,0,30,1
1,0,0,0,0,1,0,0,0,0,0,0,0,0,1,0,0,2,6,0,1,0,0,0,0,0,1,0,0,3,3,8,11,3,3,8,11,0,0,0,0,0,0,0,0,1,0,0,0,0,0,1,0,0,0,0,0,0,0,0,0,0,0,0,0,1,1
3,2,0,0,0,0,1,1,0,0,0,0,2,0,0,0,1,1,1,0,3,0,0,1,0,1,1,0,2,0,12,11,3,0,12,11,3,0,0,0,0,0,1,0,0,0,0,0,0,1,0,0,0,0,0,0,0,0,0,0,0,0,0,1,0,3,0
1,0,0,0,0,0,0,1,0,0,0,0,1,0,0,0,1,2,24,0,1,0,0,0,0,1,0,0,0,13,30,26,8,13,30,26,8,0,0,1,0,0,0,0,0,1,0,0,0,1,0,0,0,0,0,0,0,0,0,0,0,0,0,1,0,3,0
1,1,0,0,1,0,0,0,0,0,0,0,1,0,0,0,1,7,3,0,1,0,0,0,0,0,1,0,1,11,29,46,24,11,29,46,24,1,0,0,0,0,1,0,0,0,0,0,0,0,1,0,0,0,0,0,0,0,0,0,0,0,0,0,1,4,1
1,0,0,0,0,0,0,0,0,1,0,0,1,0,0,0,1,6,11,0,1,0,0,0,0,1,0,0,0,9,6,7,0,9,6,7,0,0,1,0,0,0,0,1,0,0,0,0,1,0,0,0,0,0,0,0,0,0,0,0,0,0,0,0,1,4,1
1,1,0,0,0,0,0,0,1,0,0,0,1,0,0,0,1,3,5,0,0,0,0,0,0,1,0,1,1,1,18,3,0,1,18,3,0,0,0,0,0,0,1,0,0,0,0,0,0,0,1,0,0,0,0,0,0,0,0,0,0,0,1,0,0,5,1
3,1,1,0,0,0,0,1,0,1,0,0,2,0,0,0,3,5,2,2,0,1,0,2,1,0,0,1,1,0,10,8,0,3,24,16,9,1,0,0,0,0,1,0,0,0,0,0,0,0,1,0,0,0,0,0,0,0,0,0,0,0,1,0,0,5,1
1,1,0,0,0,0,1,0,0,0,0,0,0,0,0,1,1,2,4,0,0,1,0,0,1,0,0,0,1,13,14,23,13,13,14,23,13,0,0,0,0,0,1,0,0,0,0,0,0,0,1,0,0,0,0,0,0,0,0,0,0,0,1,0,0,5,0
1,1,0,0,0,0,0,0,0,0,1,1,0,0,0,0,1,0,0,0,0,0,0,0,0,0,0,0,2,4,1,0,0,4,1,0,0,0,0,0,0,0,1,0,0,0,0,0,0,0,1,0,0,0,0,0,0,0,0,0,0,0,1,0,0,5,1
2,1,0,0,0,0,0,1,0,0,1,1,1,0,0,0,2,1,2,0,0,0,0,0,1,0,0,0,2,13,2,0,0,13,2,0,0,0,0,0,0,0,1,0,0,0,0,0,0,0,1,0,0,0,0,0,0,0,0,0,0,0,1,0,0,5,0
1,0,0,0,0,0,0,0,0,1,0,0,1,0,0,0,0,2,2,0,1,0,0,0,0,0,0,1,0,0,0,1,0,0,0,1,0,0,1,0,0,0,0,1,0,0,0,0,1,0,0,0,0,0,0,0,0,0,0,1,0,0,0,0,0,6,0
1,0,0,1,0,0,0,0,0,0,0,0,1,0,0,0,0,0,6,0,0,1,0,0,0,0,0,1,1,0,11,6,13,0,11,6,13,0,0,0,0,0,1,0,0,0,0,0,0,0,0,0,0,0,0,0,0,0,0,1,0,0,0,0,0,6,1
1,0,0,1,0,1,0,0,0,0,0,0,1,0,0,0,1,1,1,0,0,1,0,1,0,0,0,0,1,1,10,7,0,1,10,7,0,0,0,0,0,0,1,0,0,0,0,0,0,0,0,0,0,0,0,0,0,0,0,1,0,0,0,0,0,6,1
2,0,0,0,0,0,0,0,1,0,1,0,2,0,0,0,2,0,6,2,0,0,0,1,0,1,0,0,0,1,0,3,0,1,0,3,0,0,0,0,0,0,0,0,0,0,1,0,0,1,0,0,0,0,0,0,0,0,0,0,0,0,0,1,0,17,0
1,0,0,0,0,0,0,0,0,0,0,0,0,0,0,0,1,0,1,0,1,0,0,1,0,0,0,0,0,0,1,0,3,0,1,0,3,0,0,0,0,0,0,0,0,0,1,0,0,1,0,0,0,0,0,0,0,0,0,0,0,0,0,0,1,18,0
1,1,0,0,0,0,0,1,0,0,0,0,1,0,0,0,1,2,3,0,0,1,0,0,0,1,0,0,1,1,3,5,2,1,3,5,2,0,0,0,0,0,0,0,1,0,0,0,0,0,0,0,0,0,0,0,0,0,0,0,0,0,0,0,1,18,1
1,0,0,1,0,0,1,0,0,0,0,0,0,1,0,1,1,2,2,0,0,1,0,0,0,0,1,0,1,7,24,34,7,7,24,34,7,0,0,0,0,0,1,0,0,0,0,0,0,0,0,0,0,0,0,0,0,0,0,0,0,0,0,0,1,18,1
2,1,0,0,0,0,0,1,1,0,0,0,2,0,0,0,2,0,1,0,0,2,0,0,0,1,0,1,1,0,0,0,0,0,0,0,0,0,0,0,0,0,0,0,0,0,0,0,0,0,0,0,0,0,0,0,0,0,0,0,0,0,0,0,1,18,0
1,0,0,0,0,1,0,0,0,0,0,0,1,0,0,0,0,4,17,0,1,0,0,0,1,0,0,0,0,6,6,2,0,6,6,2,0,0,0,1,0,0,0,0,0,0,0,0,0,0,0,0,0,0,0,0,0,0,0,0,0,0,0,0,1,18,1
0,0,2,1,0,0,0,0,0,0,0,0,0,0,0,0,0,0,0,0,0,0,0,1,1,0,0,0,1,0,0,0,0,0,7,1,1,0,0,0,0,0,1,0,0,0,0,0,0,0,0,0,0,0,0,0,0,0,0,1,0,0,0,0,0,20,1
3,1,0,0,0,1,1,1,0,0,0,1,1,0,0,0,2,3,9,0,2,0,0,0,1,0,1,0,2,2,6,20,13,2,6,20,13,0,1,0,0,0,0,1,0,0,0,0,1,0,0,0,0,0,0,0,0,0,0,0,1,0,0,0,0,23,0
1,2,0,0,0,0,1,0,0,0,0,0,0,1,0,0,1,0,2,0,1,0,0,0,0,0,1,0,2,5,25,12,3,5,25,12,3,0,0,0,0,1,0,0,0,0,0,1,0,0,0,0,0,0,0,0,0,0,0,0,1,0,0,0,0,23,0
6,0,0,0,0,1,0,2,3,0,0,2,2,1,0,0,5,12,19,0,4,0,0,1,2,1,1,0,1,11,17,52,53,11,17,52,53,0,1,0,0,1,0,0,0,0,0,1,0,0,0,0,0,0,0,0,0,0,0,0,1,0,0,0,0,23,0
1,0,0,0,0,0,0,0,0,0,1,0,1,0,0,1,1,3,5,0,0,1,0,0,0,1,0,0,0,0,3,1,0,0,3,1,0,0,0,0,0,0,1,0,0,0,0,0,0,0,0,0,0,0,0,0,0,0,0,0,0,0,0,1,0,24,0
1,0,0,0,0,0,0,0,1,0,0,0,1,0,0,0,1,4,0,0,0,0,0,1,0,0,0,0,0,1,8,0,0,1,8,0,0,0,0,0,0,0,1,0,0,0,0,0,0,1,0,0,0,0,0,0,0,0,0,0,0,0,0,0,1,25,1
1,0,0,0,0,0,0,0,0,1,0,1,0,0,0,0,1,1,2,0,1,0,0,1,0,0,0,0,0,0,0,0,0,0,0,0,0,0,0,1,0,0,0,1,0,0,0,0,0,0,0,0,0,0,0,0,0,0,0,1,0,0,0,0,0,27,0
2,0,0,0,0,1,0,0,0,0,0,0,0,0,1,0,0,2,6,0,1,0,0,0,0,0,1,0,1,3,3,8,11,3,3,8,11,0,0,0,0,0,0,0,0,0,0,0,0,0,0,0,0,0,0,0,0,0,0,1,0,0,0,0,0,27,1
1,1,0,0,0,0,0,0,1,0,0,0,1,0,0,0,1,6,5,0,1,0,0,0,0,1,0,0,1,9,6,5,5,9,6,5,5,1,0,0,0,0,1,0,0,0,0,0,0,1,0,0,0,0,0,0,0,0,0,1,0,0,0,0,0,27,1
1,0,0,0,0,0,0,0,0,1,0,0,1,0,0,0,1,0,3,0,1,0,0,0,1,0,0,0,0,3,1,3,2,3,1,3,2,0,0,0,0,0,1,0,0,0,0,0,0,1,0,0,0,0,0,0,0,0,0,1,0,0,0,0,0,27,0
1,0,0,0,0,0,0,0,0,1,0,0,1,0,0,0,1,5,9,0,1,0,0,0,0,1,0,0,0,19,34,9,10,19,34,9,10,0,1,0,0,0,0,1,0,0,0,0,1,0,0,0,0,0,0,0,0,0,0,1,0,0,0,0,0,27,1
1,0,0,0,1,0,0,0,0,0,0,0,1,0,0,0,1,7,3,0,1,0,0,0,0,0,1,0,0,11,29,46,24,11,29,46,24,1,0,0,0,0,0,1,0,0,0,0,0,0,0,1,0,0,0,0,0,0,0,1,0,0,0,0,0,27,1
1,0,0,0,0,0,0,0,1,0,0,0,0,1,0,0,1,0,10,0,1,0,0,1,0,0,0,0,0,2,1,0,0,2,1,0,0,0,0,0,0,0,1,0,0,0,0,0,0,0,0,0,0,0,0,0,0,0,0,0,1,0,0,0,0,30,0
1,0,0,0,0,0,0,0,0,1,0,0,1,0,0,0,1,7,11,0,1,0,0,0,0,1,0,0,0,9,6,7,0,9,6,7,0,0,1,0,0,0,1,0,0,0,0,0,0,0,0,0,0,0,1,0,0,0,0,0,0,0,0,1,0,1,1
1,0,0,0,0,0,0,0,0,1,0,0,1,0,0,0,0,0,2,0,0,0,1,0,0,0,0,0,1,0,0,0,0,0,0,0,0,0,0,0,0,0,1,0,0,0,0,0,0,0,0,0,0,0,1,0,0,0,0,0,0,0,0,1,0,1,0
1,1,0,0,0,0,0,0,1,0,0,0,1,0,0,0,1,6,6,0,1,0,0,0,0,1,0,0,1,9,6,5,5,9,6,5,5,1,0,0,0,0,0,0,0,0,1,0,0,0,0,1,0,0,1,0,0,0,0,0,0,0,0,1,0,1,0
1,0,0,0,0,0,0,0,0,0,1,0,0,0,0,0,0,1,2,0,0,0,0,0,0,0,0,0,1,0,0,0,1,0,0,0,1,0,1,0,0,0,1,0,0,0,0,0,0,1,0,0,0,0,1,0,0,0,0,0,1,0,0,0,0,7,1
1,0,0,0,0,1,0,0,0,0,0,0,1,0,0,0,1,3,5,0,0,0,0,0,1,0,0,0,0,2,10,29,2,2,10,29,2,0,0,0,0,0,1,0,0,0,0,1,0,0,0,0,0,0,1,0,0,0,0,0,1,0,0,0,0,7,0
2,2,0,0,0,1,0,1,0,0,0,1,1,0,0,0,2,7,1,0,0,2,0,0,1,0,1,0,2,30,16,4,4,30,16,4,4,0,0,0,0,0,1,0,0,0,0,0,0,1,0,0,0,0,1,0,0,0,0,0,0,0,0,1,0,8,1
1,0,0,0,0,0,0,0,0,0,1,1,0,0,0,0,1,1,0,1,0,0,0,1,0,0,0,0,0,0,1,1,0,0,1,1,0,0,0,0,0,0,1,0,0,0,0,0,0,0,1,0,0,0,1,0,0,0,0,0,1,0,0,0,0,14,1
2,0,0,0,0,0,0,0,0,0,2,2,0,0,0,0,2,0,3,0,0,0,0,1,0,0,0,0,1,1,1,0,0,1,1,0,0,0,0,0,0,0,1,0,0,0,0,0,0,0,1,0,0,0,1,0,0,0,0,0,1,0,0,0,0,14,0
1,0,0,0,0,0,0,0,0,1,0,0,0,0,0,0,0,0,1,0,0,0,0,1,0,0,0,0,0,3,0,4,0,3,0,4,0,0,0,0,0,0,1,0,0,0,0,0,0,0,1,0,0,0,1,0,0,0,0,0,1,0,0,0,0,14,0
1,0,0,0,0,0,0,0,0,1,0,0,1,0,0,0,1,1,0,0,1,0,0,0,0,1,0,0,0,5,4,7,1,5,4,7,1,0,0,0,0,0,1,0,0,0,0,0,0,0,1,0,0,0,1,0,0,0,0,0,1,0,0,0,0,14,1
1,0,0,0,0,0,0,0,0,0,1,0,0,0,0,0,0,2,2,0,0,0,0,0,0,0,0,0,1,0,0,0,1,0,0,0,1,0,1,0,0,0,1,0,0,0,0,0,0,0,1,0,0,0,1,0,0,0,0,0,1,0,0,0,0,14,1
2,0,0,0,0,0,0,0,0,0,0,0,0,0,1,0,0,0,1,2,0,0,0,0,0,0,0,0,2,0,0,0,0,0,0,0,0,0,0,0,0,0,1,0,0,0,0,0,0,0,1,0,0,0,1,0,0,0,0,0,1,0,0,0,0,14,0
1,0,0,0,0,0,0,0,1,0,0,1,0,0,0,0,1,1,0,1,0,0,0,1,0,0,0,0,0,3,2,0,0,3,2,0,0,0,0,0,0,0,1,0,0,0,0,0,0,0,1,0,0,0,1,0,0,0,0,0,1,0,0,0,0,14,1
1,0,0,0,0,0,0,0,0,0,0,1,0,0,0,0,1,1,0,1,0,0,0,1,0,0,0,0,0,0,1,0,0,0,1,0,0,0,0,0,0,0,1,0,0,0,0,0,0,0,1,0,0,0,1,0,0,0,0,0,1,0,0,0,0,14,1
1,0,0,0,0,0,0,0,0,0,1,0,0,0,0,0,1,1,2,1,0,0,0,1,0,0,0,0,0,1,1,1,0,1,1,1,0,0,0,0,0,0,1,0,0,0,0,0,0,0,1,0,0,0,1,0,0,0,0,0,1,0,0,0,0,14,0
1,0,1,0,0,0,0,0,0,0,0,0,1,0,0,0,1,3,2,0,1,0,0,1,1,0,0,0,0,0,0,0,0,0,0,0,0,0,0,0,0,0,1,0,0,0,0,0,0,1,0,0,0,0,1,0,0,0,0,0,1,0,0,0,0,14,0
1,0,0,0,0,0,0,0,0,0,1,0,1,0,0,0,1,1,0,0,0,0,0,1,0,0,0,0,0,0,0,0,0,0,0,0,0,0,0,0,0,0,1,0,0,0,0,0,0,0,1,0,0,0,1,0,0,0,0,0,1,0,0,0,0,14,1
1,0,0,0,0,0,0,0,0,0,1,0,0,0,0,0,1,1,0,0,0,0,0,0,0,0,0,0,1,0,0,0,1,0,0,0,1,0,0,0,0,0,1,0,0,0,0,0,0,0,1,0,0,0,1,0,0,0,0,0,1,0,0,0,0,14,1
1,0,0,0,0,0,0,0,0,0,0,0,0,0,0,0,1,1,1,0,1,0,0,1,0,0,0,0,0,0,0,0,0,0,0,0,0,0,0,0,0,0,1,0,0,0,0,0,0,0,1,0,0,0,1,0,0,0,0,0,1,0,0,0,0,14,1
2,0,0,0,0,1,1,0,0,0,0,0,0,0,2,0,1,16,21,0,2,0,0,0,0,1,1,0,0,0,5,21,7,0,5,21,7,0,0,0,0,0,1,0,0,0,0,0,0,1,0,0,0,0,1,0,0,0,0,0,1,0,0,0,0,14,0
1,0,0,0,0,0,0,0,0,0,1,0,1,0,0,0,0,0,5,0,1,0,0,0,0,0,0,0,1,1,1,2,0,1,1,2,0,0,0,1,0,0,1,0,0,0,0,0,0,0,1,0,0,0,1,0,0,0,0,0,1,0,0,0,0,14,0
1,0,0,0,0,0,0,0,0,0,0,0,1,0,0,0,1,1,1,0,1,0,0,1,0,0,0,0,0,0,0,0,0,0,0,0,0,0,0,1,0,0,1,0,0,0,0,0,0,0,1,0,0,0,1,0,0,0,0,0,1,0,0,0,0,14,1
3,1,0,0,0,0,0,0,2,0,1,0,1,1,0,0,1,5,9,0,2,0,0,1,0,0,0,1,2,8,19,15,5,8,19,15,5,0,0,0,0,0,1,0,0,0,0,1,0,0,0,0,0,0,1,0,0,0,0,0,1,0,0,0,0,14,0
2,0,0,0,0,0,0,0,1,0,1,0,1,0,0,0,1,2,4,2,0,0,0,0,1,0,0,1,0,16,10,2,0,16,10,2,0,0,0,0,0,0,1,0,0,0,0,0,0,0,1,0,0,0,1,0,0,0,0,0,1,0,0,0,0,14,0
1,0,0,0,0,0,0,0,0,0,0,0,1,0,0,0,1,1,3,0,1,0,0,1,0,0,0,0,0,0,1,3,0,0,1,3,0,1,0,0,0,0,1,0,0,0,0,0,0,0,1,0,0,0,1,0,0,0,0,0,1,0,0,0,0,14,1
1,0,0,0,0,0,1,0,0,0,0,0,1,0,0,0,1,1,1,0,0,0,0,0,0,0,0,0,1,0,0,1,2,0,0,1,2,0,0,0,0,0,1,0,0,0,0,0,0,0,1,0,0,0,1,0,0,0,0,0,1,0,0,0,0,14,1
1,0,0,0,0,0,0,0,0,0,1,0,0,1,0,0,1,1,4,0,1,0,0,1,0,0,0,0,0,5,1,2,2,5,1,2,2,0,0,0,0,0,1,0,0,0,0,0,0,0,1,0,0,0,1,0,0,0,0,0,1,0,0,0,0,14,1
1,0,0,0,0,0,0,0,0,0,1,1,0,0,0,0,0,2,1,0,0,1,0,0,0,0,0,0,1,7,2,1,0,7,2,1,0,0,0,0,0,0,1,0,0,0,0,0,0,0,1,0,0,0,1,0,0,0,0,0,1,0,0,0,0,14,1
1,0,0,0,0,1,0,0,0,0,0,0,1,0,0,0,1,4,3,0,1,0,0,0,0,0,1,0,0,8,17,10,2,8,17,10,2,0,0,1,0,0,0,0,0,0,0,0,0,0,0,1,0,0,1,0,0,0,0,0,0,0,0,1,0,15,0
1,0,0,0,0,0,0,0,0,0,1,0,0,1,0,0,1,1,0,0,0,1,0,1,0,0,0,0,0,3,8,3,0,3,8,3,0,0,0,0,0,0,1,0,0,0,0,0,0,0,1,0,0,0,1,0,0,0,0,0,0,0,0,1,0,15,1
1,0,0,0,0,0,0,0,0,0,0,0,1,0,0,0,0,0,2,1,0,0,0,1,0,0,0,0,0,0,1,0,0,0,1,0,0,0,0,0,0,0,1,0,0,0,0,0,0,0,1,0,0,0,1,0,0,0,0,0,0,0,0,1,0,15,0
1,0,0,0,0,0,0,0,0,0,0,1,0,0,0,0,1,1,1,0,1,0,0,1,0,0,0,0,0,0,0,0,0,0,0,0,0,0,0,0,0,0,1,0,0,0,0,0,0,0,1,0,0,0,1,0,0,0,0,0,0,0,0,1,0,15,1
1,0,0,0,0,0,0,0,0,0,0,1,0,0,0,0,1,0,1,1,0,0,0,0,0,0,0,0,1,0,0,0,0,0,0,0,0,0,0,0,0,0,1,0,0,0,0,0,0,0,1,0,0,0,1,0,0,0,0,0,0,0,0,1,0,15,0
1,0,0,0,0,0,0,1,0,0,0,0,1,0,0,0,1,1,1,0,0,0,0,1,0,0,0,0,0,0,0,0,0,0,0,0,0,0,0,0,0,0,1,0,0,0,0,0,0,0,1,0,0,0,1,0,0,0,0,0,0,0,0,0,1,16,1
1,0,0,0,0,0,0,1,0,0,0,0,1,0,0,0,1,0,1,0,0,0,0,1,0,0,0,0,0,0,0,1,0,0,0,1,0,0,0,0,0,0,1,0,0,0,0,0,0,0,1,0,0,0,1,0,0,0,0,0,0,0,0,0,1,16,0
3,0,0,0,0,0,0,1,1,0,1,3,0,0,0,0,3,5,3,3,0,0,0,3,0,0,0,0,0,18,25,5,4,18,25,5,4,0,0,0,0,0,1,0,0,0,0,1,0,0,0,0,0,0,1,0,0,0,0,0,0,0,0,0,1,16,0
1,0,0,0,0,0,0,0,1,0,0,0,1,0,0,0,1,1,3,0,1,0,0,0,0,1,0,0,0,4,8,10,8,4,8,10,8,0,0,0,0,0,1,0,0,0,0,0,0,1,0,0,0,0,1,0,0,0,0,0,0,0,0,0,0,20,1
1,0,1,0,0,0,0,0,1,0,0,0,1,0,0,0,0,3,2,0,1,0,0,0,1,0,1,0,0,10,7,3,0,10,7,3,0,0,0,1,0,0,0,0,0,0,0,0,0,0,0,1,0,0,1,0,0,0,0,0,1,0,0,0,0,21,0
1,0,0,0,0,0,0,0,0,1,0,0,1,0,0,0,1,0,2,1,0,0,0,1,0,0,0,0,0,2,1,8,1,2,1,8,1,0,0,0,0,0,1,0,0,0,0,0,0,0,1,0,0,0,1,0,0,0,0,0,1,0,0,0,0,21,0
1,0,0,0,0,0,0,0,0,0,1,0,0,1,0,0,1,1,5,0,1,0,0,1,0,0,0,0,0,5,1,2,2,5,1,2,2,0,0,0,0,0,0,1,0,0,0,0,1,0,0,0,0,0,1,0,0,0,0,0,1,0,0,0,0,21,0
12,1,1,0,1,0,3,4,2,1,1,1,7,0,1,0,11,42,23,0,0,11,0,3,3,3,3,1,1,248,116,106,76,252,154,117,78,0,0,0,1,0,0,0,1,0,0,1,0,0,0,0,0,0,1,0,0,0,0,0,0,0,0,1,0,22,1
9,5,0,0,0,0,1,2,0,2,0,1,3,1,1,1,7,21,13,7,0,0,0,2,3,1,1,0,7,195,91,45,29,195,91,45,29,0,0,0,1,0,0,0,0,0,0,1,0,0,0,0,0,0,1,0,0,0,0,0,0,0,0,1,0,22,1
5,1,0,0,1,0,0,2,0,1,1,0,3,0,0,0,5,17,35,1,4,0,0,1,2,1,1,0,1,32,54,32,15,32,54,32,15,0,0,0,1,0,0,0,0,0,1,1,0,0,0,0,0,0,1,0,0,0,0,0,0,0,0,1,0,22,0
1,1,0,0,0,0,0,0,0,1,0,0,0,0,1,0,1,6,1,1,0,0,0,0,0,1,0,0,1,123,14,5,2,123,14,5,2,0,0,0,1,0,0,0,0,0,1,1,0,0,0,0,0,0,1,0,0,0,0,0,0,0,0,1,0,22,0
3,2,1,0,0,0,0,1,2,0,0,0,1,1,0,0,3,7,22,0,1,2,0,2,1,0,1,0,2,1,44,23,22,8,83,34,28,0,0,0,1,0,0,0,0,0,1,1,0,0,0,0,0,0,1,0,0,0,0,0,0,0,0,1,0,22,0
1,1,0,0,0,0,0,1,0,0,0,0,1,0,0,0,1,3,0,0,0,1,0,0,1,0,0,0,1,17,27,2,2,17,27,2,2,0,0,0,1,0,1,0,0,0,0,1,0,0,0,0,0,0,1,0,0,0,0,0,0,0,0,1,0,22,1
4,0,0,0,1,1,0,1,0,1,0,0,2,1,0,0,3,4,6,1,0,0,0,0,1,2,0,0,2,6,12,23,4,6,12,23,4,0,0,0,0,0,1,0,0,0,0,0,1,0,0,0,0,0,1,0,0,0,0,0,0,0,1,0,0,24,1
1,0,0,0,0,0,1,0,0,0,0,0,1,0,0,0,1,0,3,0,1,0,0,0,0,0,0,0,1,0,0,4,3,0,0,4,3,0,0,0,0,0,0,0,1,0,0,0,0,0,0,1,0,0,1,0,0,0,0,1,0,0,0,0,0,25,1
0,0,1,0,0,0,0,0,0,0,0,0,0,0,0,0,0,0,0,0,0,0,0,0,0,0,0,1,0,0,0,0,0,0,2,1,0,0,0,0,0,0,0,0,0,0,1,0,1,0,0,0,0,0,1,0,0,0,0,1,0,0,0,0,0,25,0
3,2,0,0,0,0,0,0,1,1,1,0,2,0,0,0,3,4,7,0,3,0,0,1,0,2,0,0,2,10,26,15,16,10,26,15,16,0,0,0,0,0,0,0,1,0,0,0,1,0,0,0,0,0,1,0,0,0,0,0,1,0,0,0,0,28,0
1,0,0,0,0,0,0,0,0,0,1,0,0,1,0,1,0,1,4,0,1,0,0,0,0,0,0,0,1,17,30,12,3,17,30,12,3,1,0,0,0,0,0,0,0,0,0,0,0,1,0,0,0,0,1,0,0,0,0,0,1,0,0,0,0,28,0
3,0,0,0,0,1,1,0,0,1,0,0,1,0,0,1,1,1,1,0,0,0,0,0,0,0,1,0,2,2,25,20,7,2,25,20,7,0,0,0,0,0,0,1,0,0,0,1,0,0,0,0,0,0,1,0,0,0,0,0,0,0,1,0,0,31,0
2,0,0,0,0,0,0,1,0,1,0,0,2,0,0,0,1,6,12,0,2,0,0,0,0,2,0,0,0,5,4,7,1,5,4,7,1,0,0,0,0,0,1,0,0,0,0,0,0,1,0,0,0,0,1,0,0,0,0,0,0,0,1,0,0,31,0
2,0,0,0,0,0,0,0,2,0,0,0,2,0,0,0,2,2,3,2,0,0,0,1,1,0,0,0,0,16,10,2,0,16,10,2,0,0,0,0,0,0,1,0,0,0,0,0,0,0,0,1,1,0,0,0,0,0,0,1,0,0,0,0,0,1,1
0,3,0,0,0,0,0,0,0,0,0,0,0,0,0,0,0,0,0,0,0,0,0,0,1,0,0,0,3,0,0,0,0,10,9,5,0,0,0,0,1,0,0,0,0,0,1,1,0,0,0,0,1,0,0,0,0,0,0,0,1,0,0,0,0,4,0
1,1,0,0,0,1,0,0,0,0,0,0,1,0,0,0,1,0,3,0,0,0,1,0,0,0,1,0,1,0,2,3,0,0,2,3,0,0,0,0,1,0,0,0,0,0,1,1,0,0,0,0,1,0,0,0,0,0,0,0,1,0,0,0,0,4,0
1,0,0,0,0,0,1,0,0,0,0,0,1,0,0,0,0,0,1,0,0,0,1,0,0,0,0,1,0,1,0,0,1,1,0,0,1,0,0,0,1,0,0,0,0,0,1,1,0,0,0,0,1,0,0,0,0,0,0,0,1,0,0,0,0,4,0
1,0,0,0,1,0,0,0,0,0,0,0,1,0,0,0,1,2,4,0,0,0,1,0,1,0,0,0,0,2,4,1,1,2,4,1,1,0,0,0,1,0,0,0,0,0,1,1,0,0,0,0,1,0,0,0,0,0,0,0,1,0,0,0,0,4,0
1,1,0,0,0,1,0,0,0,0,0,0,0,0,1,0,1,1,5,1,0,0,0,0,0,0,1,0,1,1,5,3,2,1,5,3,2,0,0,0,1,0,0,0,0,0,1,1,0,0,0,0,1,0,0,0,0,0,0,0,1,0,0,0,0,4,0
1,1,0,0,0,0,0,0,0,1,0,0,0,0,0,0,1,7,16,0,1,0,0,1,0,0,0,0,1,5,10,16,1,5,10,16,1,0,0,0,1,0,0,0,0,0,1,1,0,0,0,0,1,0,0,0,0,0,0,0,1,0,0,0,0,4,0
1,0,0,0,0,0,0,0,0,1,0,0,1,0,0,0,1,1,1,0,0,0,1,0,0,1,0,0,0,0,2,0,1,0,2,0,1,0,0,0,1,0,0,0,0,0,1,1,0,0,0,0,1,0,0,0,0,0,0,0,1,0,0,0,0,4,0
1,0,0,0,0,0,0,0,0,1,0,0,1,0,0,1,1,1,5,0,0,1,0,1,0,0,0,0,0,1,0,2,0,1,0,2,0,0,0,0,1,0,0,0,0,0,1,1,0,0,0,0,1,0,0,0,0,0,0,0,1,0,0,0,0,4,0
2,1,0,0,0,0,1,1,0,0,0,0,1,0,0,0,2,5,6,0,0,2,0,0,1,1,0,0,1,4,14,3,1,4,14,3,1,0,0,0,1,0,0,0,0,0,1,1,0,0,0,0,1,0,0,0,0,0,0,0,1,0,0,0,0,4,0
1,0,0,0,0,0,0,0,1,0,0,0,1,0,0,0,1,2,1,1,0,0,0,1,0,0,0,0,0,0,2,1,0,0,2,1,0,0,0,0,1,0,0,0,0,0,1,1,0,0,0,0,1,0,0,0,0,0,0,0,1,0,0,0,0,4,0
1,1,0,0,0,0,0,0,0,0,1,0,0,0,0,0,1,1,3,1,0,0,0,1,0,0,0,0,1,1,1,1,0,1,1,1,0,0,0,0,1,0,0,0,0,0,1,1,0,0,0,0,1,0,0,0,0,0,0,0,1,0,0,0,0,4,0
1,0,0,0,0,0,0,0,0,1,0,0,1,0,0,0,1,0,1,0,0,0,0,1,0,0,0,0,0,1,0,0,0,1,0,0,0,0,0,0,1,0,0,0,0,0,1,1,0,0,0,0,1,0,0,0,0,0,0,0,1,0,0,0,0,4,0
1,0,0,0,0,0,0,0,1,0,0,0,1,0,0,0,1,0,4,1,0,0,0,1,0,0,0,0,0,0,1,0,0,0,1,0,0,0,0,0,1,0,0,0,0,0,1,1,0,0,0,0,1,0,0,0,0,0,0,0,1,0,0,0,0,4,0
1,0,0,0,0,0,0,0,1,0,0,0,0,0,1,1,1,2,7,0,0,0,0,0,0,1,0,0,0,1,21,3,2,1,21,3,2,0,0,0,1,0,0,0,0,0,1,1,0,0,0,0,1,0,0,0,0,0,0,0,1,0,0,0,0,4,0
2,4,0,0,1,0,1,0,0,0,0,0,1,0,0,0,2,1,3,0,2,0,0,0,0,0,2,0,4,2,1,4,2,2,1,4,2,0,0,0,1,0,0,0,0,0,1,1,0,0,0,0,1,0,0,0,0,0,0,0,1,0,0,0,0,4,0
1,0,0,0,0,0,0,0,0,1,0,0,0,0,1,0,1,0,3,0,0,1,0,1,0,0,0,0,0,16,8,3,3,16,8,3,3,0,0,0,1,0,0,0,0,0,1,1,0,0,0,0,1,0,0,0,0,0,0,0,1,0,0,0,0,4,0
1,0,0,0,0,0,0,0,0,0,1,0,1,0,0,1,1,1,5,1,0,0,0,1,0,0,0,0,0,1,2,1,0,1,2,1,0,0,0,0,1,0,0,0,0,0,1,1,0,0,0,0,1,0,0,0,0,0,0,0,1,0,0,0,0,4,0
0,1,0,0,0,0,0,0,0,0,0,0,0,0,0,0,0,0,0,0,0,0,0,0,1,0,0,0,1,0,0,0,0,10,9,5,0,0,0,0,1,0,0,0,0,0,1,1,0,0,0,0,1,0,0,0,0,0,0,0,1,0,0,0,0,4,0
1,0,0,0,0,0,1,0,0,0,0,0,1,0,0,0,1,1,2,0,0,0,1,1,0,0,0,0,0,0,3,1,2,0,3,1,2,0,0,0,1,0,0,0,0,0,1,1,0,0,0,0,1,0,0,0,0,0,0,0,1,0,0,0,0,4,0
2,4,0,0,0,0,0,1,1,0,0,0,1,0,0,0,1,2,8,0,2,0,0,0,1,0,0,1,4,0,1,0,6,0,1,0,6,0,0,0,1,0,0,0,0,0,1,1,0,0,0,0,1,0,0,0,0,0,0,0,1,0,0,0,0,4,0
1,0,0,0,0,0,0,0,1,0,0,0,0,0,1,0,1,1,1,0,0,1,0,1,0,0,0,0,0,79,87,3,2,79,87,3,2,0,0,0,1,0,0,0,0,0,1,1,0,0,0,0,1,0,0,0,0,0,0,0,1,0,0,0,0,4,0
2,2,0,0,0,0,0,1,1,0,0,0,1,0,1,0,2,5,14,0,0,0,0,0,1,1,0,0,2,1,2,4,2,1,2,4,2,0,0,0,1,0,0,0,0,0,1,1,0,0,0,0,1,0,0,0,0,0,0,0,1,0,0,0,0,4,0
1,0,0,0,0,0,0,0,1,0,0,0,1,0,0,0,0,0,5,0,0,0,1,0,0,0,0,0,1,2,3,3,5,2,3,3,5,0,0,0,1,0,0,0,0,0,1,1,0,0,0,0,1,0,0,0,0,0,0,0,1,0,0,0,0,4,0
2,0,0,0,0,0,0,0,1,0,0,0,2,0,0,0,1,1,1,0,0,2,0,1,0,0,1,0,0,31,5,10,2,31,5,10,2,0,0,0,1,0,0,0,0,0,1,1,0,0,0,0,1,0,0,0,0,0,0,0,1,0,0,0,0,4,0
1,0,0,0,0,1,0,0,0,0,0,0,0,1,0,0,1,1,3,0,0,0,1,0,0,0,1,0,0,0,7,14,0,0,7,14,0,0,0,0,1,0,0,0,0,0,1,1,0,0,0,0,1,0,0,0,0,0,0,0,1,0,0,0,0,4,0
2,0,0,0,0,0,0,0,1,0,1,0,2,0,0,0,1,4,5,2,0,0,0,0,0,1,0,1,0,1,2,1,2,1,2,1,2,0,0,0,1,0,0,0,0,0,1,1,0,0,0,0,1,0,0,0,0,0,0,0,1,0,0,0,0,4,0
2,1,0,0,0,1,0,0,0,0,0,0,0,1,0,0,1,1,1,0,0,0,1,0,0,1,0,0,2,0,0,0,0,0,0,0,0,0,0,0,1,0,0,0,0,0,1,1,0,0,0,0,1,0,0,0,0,0,0,0,1,0,0,0,0,4,0
1,0,0,0,1,0,0,0,0,0,0,0,1,0,0,0,1,0,2,0,0,0,1,1,0,0,0,0,0,0,1,1,0,0,1,1,0,0,0,0,1,0,0,0,0,0,1,1,0,0,0,0,1,0,0,0,0,0,0,0,1,0,0,0,0,4,0
1,0,0,0,1,0,0,0,0,0,0,0,1,0,0,1,0,0,3,0,0,0,1,1,0,0,0,0,0,0,2,5,7,0,2,5,7,0,0,0,1,0,0,0,0,0,1,1,0,0,0,0,1,0,0,0,0,0,0,0,1,0,0,0,0,4,0
3,0,0,0,0,0,0,1,0,0,1,0,2,0,0,0,0,3,3,0,2,0,0,1,0,1,0,0,1,2,15,24,10,2,15,24,10,0,0,0,1,0,0,0,0,0,1,1,0,0,0,0,1,0,0,0,0,0,0,0,1,0,0,0,0,4,0
1,0,0,0,1,0,0,0,0,0,0,0,0,0,0,0,0,0,3,0,0,0,1,0,0,0,0,1,0,0,4,3,0,0,4,3,0,0,0,0,1,0,0,0,0,0,1,1,0,0,0,0,1,0,0,0,0,0,0,0,1,0,0,0,0,4,0
1,0,0,0,0,0,0,0,0,1,0,0,0,1,0,1,1,2,8,1,0,0,0,1,0,0,0,0,0,0,7,7,2,0,7,7,2,0,0,0,1,0,0,0,0,0,1,1,0,0,0,0,1,0,0,0,0,0,0,0,1,0,0,0,0,4,0
3,1,0,0,0,0,0,1,1,0,0,0,3,0,0,0,2,0,3,0,0,3,0,0,1,1,1,0,1,3,22,17,9,3,22,17,9,0,0,0,1,0,0,0,0,0,1,1,0,0,0,0,1,0,0,0,0,0,0,0,1,0,0,0,0,4,0
1,0,0,0,0,0,1,0,0,0,0,0,0,0,1,0,0,0,2,0,0,0,1,1,0,0,0,0,0,0,1,1,2,0,1,1,2,0,0,0,1,0,0,0,0,0,1,1,0,0,0,0,1,0,0,0,0,0,0,0,1,0,0,0,0,4,0
3,2,0,0,0,0,0,1,0,1,0,0,2,0,1,0,2,3,9,0,0,0,0,0,1,1,0,1,2,2,2,4,2,2,2,4,2,0,0,0,1,0,0,0,0,0,1,1,0,0,0,0,1,0,0,0,0,0,0,0,1,0,0,0,0,4,0
1,0,0,0,0,0,0,0,0,0,0,0,0,0,0,0,0,0,1,1,0,0,0,0,0,0,0,0,1,0,0,0,0,0,0,0,0,0,0,0,1,0,0,0,0,0,1,1,0,0,0,0,1,0,0,0,0,0,0,0,1,0,0,0,0,4,0
2,0,0,0,0,0,1,0,1,0,0,0,1,0,0,0,0,0,3,0,1,0,0,1,0,0,0,0,1,2,1,2,0,2,1,2,0,0,0,0,1,0,0,0,0,0,1,1,0,0,0,0,1,0,0,0,0,0,0,0,1,0,0,0,0,4,0
1,1,0,0,0,0,0,0,1,0,0,0,1,0,0,0,0,0,1,0,0,0,1,0,0,0,0,1,1,2,1,1,3,2,1,1,3,0,0,0,1,0,0,0,0,0,1,1,0,0,0,0,1,0,0,0,0,0,0,0,1,0,0,0,0,4,0
1,0,0,0,0,0,0,0,1,0,0,0,1,0,0,0,1,0,1,0,0,0,0,1,0,0,0,0,0,5,10,4,0,5,10,4,0,0,0,0,1,0,0,0,0,0,1,1,0,0,0,0,1,0,0,0,0,0,0,0,1,0,0,0,0,4,0
1,3,0,0,0,0,1,0,0,0,0,0,1,0,0,0,1,0,1,0,0,0,0,0,1,0,0,0,3,0,3,0,1,0,3,0,1,0,0,0,1,0,0,0,0,0,1,1,0,0,0,0,1,0,0,0,0,0,0,0,1,0,0,0,0,4,0
1,0,0,0,0,0,0,0,0,0,1,0,1,0,0,0,0,1,1,0,0,0,0,0,0,0,0,0,1,0,1,2,1,0,1,2,1,0,0,0,1,0,0,0,0,0,1,1,0,0,0,0,1,0,0,0,0,0,0,0,1,0,0,0,0,4,0
2,0,0,0,1,0,0,0,0,0,0,0,1,0,0,0,1,0,2,0,1,0,0,0,0,0,1,0,1,2,6,5,0,2,6,5,0,0,0,0,1,0,0,0,0,0,1,1,0,0,0,0,1,0,0,0,0,0,0,0,1,0,0,0,0,4,0
1,0,0,0,0,0,1,0,0,0,0,1,0,0,0,0,1,0,1,0,0,0,1,0,1,0,0,0,0,1,1,1,0,1,1,1,0,0,0,0,1,0,0,0,0,0,1,1,0,0,0,0,1,0,0,0,0,0,0,0,1,0,0,0,0,4,0
1,1,0,0,0,0,1,0,0,0,0,0,1,0,0,1,1,2,2,0,0,1,0,0,0,0,1,0,1,25,37,12,6,25,37,12,6,0,0,0,1,0,0,0,0,0,1,1,0,0,0,0,1,0,0,0,0,0,0,0,1,0,0,0,0,4,0
0,1,0,0,0,0,0,0,0,0,0,0,0,0,0,0,0,0,0,0,0,0,0,0,0,0,0,0,1,0,0,0,0,0,0,0,0,0,0,0,1,0,0,0,0,0,1,1,0,0,0,0,1,0,0,0,0,0,0,0,1,0,0,0,0,4,0
1,0,0,0,0,1,0,0,0,0,0,0,1,0,0,0,1,1,1,0,0,0,0,0,0,1,0,0,0,0,1,0,0,0,1,0,0,0,0,0,0,0,0,0,0,0,1,0,1,0,0,0,1,0,0,0,0,0,0,0,1,0,0,0,0,4,0
2,1,0,0,0,0,1,0,0,1,0,2,0,0,0,0,2,5,7,2,0,0,0,1,0,0,1,0,1,8,10,5,5,8,10,5,5,0,0,0,1,0,0,0,0,0,1,1,0,0,0,0,1,0,0,0,0,0,0,0,1,0,0,0,0,4,0
1,1,0,0,0,0,0,1,0,0,0,0,1,0,0,0,1,1,3,0,0,0,1,0,0,0,1,0,1,1,4,0,0,1,4,0,0,0,0,0,1,0,0,0,0,0,1,1,0,0,0,0,1,0,0,0,0,0,0,0,1,0,0,0,0,4,0
4,0,0,0,0,0,1,1,0,2,0,1,2,0,0,2,4,3,14,1,0,0,0,3,0,0,1,0,0,5,4,4,5,5,4,4,5,0,0,0,1,0,0,0,0,0,1,1,0,0,0,0,1,0,0,0,0,0,0,0,1,0,0,0,0,4,0
1,1,0,0,0,0,0,1,0,0,0,0,1,0,0,0,1,0,4,1,0,0,0,0,0,1,0,0,1,4,3,2,1,4,3,2,1,0,0,0,1,0,0,0,0,0,1,1,0,0,0,0,1,0,0,0,0,0,0,0,1,0,0,0,0,4,0
3,1,0,0,1,0,1,1,0,0,0,2,0,0,0,1,2,0,6,0,0,0,3,0,0,1,1,0,2,0,2,3,2,0,2,3,2,0,0,0,1,0,0,0,0,0,1,1,0,0,0,0,1,0,0,0,0,0,0,0,1,0,0,0,0,4,0
3,2,0,0,1,0,0,1,0,1,0,1,2,0,0,0,2,1,4,0,0,0,3,2,0,0,0,1,2,2,5,6,0,2,5,6,0,0,0,0,1,0,0,0,0,0,1,1,0,0,0,0,1,0,0,0,0,0,0,0,1,0,0,0,0,4,0
1,0,0,0,0,0,0,0,0,1,0,0,0,0,1,0,1,1,1,0,0,0,1,1,0,0,0,0,0,0,0,3,0,0,0,3,0,0,0,0,1,0,0,0,0,0,1,1,0,0,0,0,1,0,0,0,0,0,0,0,1,0,0,0,0,4,0
1,0,0,0,0,0,0,0,0,0,1,0,0,1,0,0,1,1,2,0,0,0,1,1,0,0,0,0,0,0,0,4,1,0,0,4,1,0,0,0,1,0,0,0,0,0,1,1,0,0,0,0,1,0,0,0,0,0,0,0,1,0,0,0,0,4,0
3,2,0,0,0,2,0,0,0,0,0,0,2,1,0,0,1,4,4,0,1,0,1,1,0,1,0,1,2,3,3,3,1,3,3,3,1,0,0,0,1,0,0,0,0,0,1,1,0,0,0,0,1,0,0,0,0,0,0,0,1,0,0,0,0,4,0
1,1,0,0,0,1,0,0,0,0,0,0,1,0,0,0,0,0,2,0,0,0,1,0,0,0,0,1,1,2,9,5,1,2,9,5,1,0,0,0,1,0,0,0,0,0,1,1,0,0,0,0,1,0,0,0,0,0,0,0,1,0,0,0,0,4,0
6,0,0,0,1,0,1,3,0,1,0,1,4,0,0,0,5,4,5,0,0,0,5,1,1,2,1,0,1,0,15,21,3,0,15,21,3,0,0,0,1,0,0,0,0,0,1,1,0,0,0,0,1,0,0,0,0,0,0,0,1,0,0,0,0,4,0
1,1,0,0,0,0,0,1,0,0,0,0,1,0,0,0,0,3,8,0,1,0,0,1,0,0,0,0,1,2,8,7,1,2,8,7,1,0,1,0,1,0,0,0,0,0,1,1,0,0,0,0,1,0,0,0,0,0,0,0,1,0,0,0,0,4,0
3,2,0,0,0,0,0,0,1,1,1,0,1,0,0,0,2,2,10,0,3,0,0,3,0,0,0,0,2,5,7,11,1,5,7,11,1,0,0,0,1,0,0,0,0,0,1,1,0,0,0,0,1,0,0,0,0,0,0,0,1,0,0,0,0,4,0
2,0,0,0,0,0,0,1,0,1,0,0,2,0,0,0,2,2,5,0,1,0,0,1,1,0,0,0,0,0,4,6,5,0,4,6,5,0,0,0,1,0,0,0,0,0,1,1,0,0,0,0,1,0,0,0,0,0,0,0,1,0,0,0,0,4,0
3,3,0,0,0,0,1,0,1,0,0,1,2,0,0,0,3,3,2,0,3,0,0,1,0,2,0,0,3,21,14,19,10,21,14,19,10,0,0,0,1,0,0,0,0,0,1,1,0,0,0,0,1,0,0,0,0,0,0,0,1,0,0,0,0,4,0
2,3,0,0,1,1,0,0,0,0,0,0,2,0,0,2,2,6,9,0,0,2,0,0,0,2,0,0,3,13,2,15,0,13,2,15,0,0,0,0,1,0,0,0,0,0,1,1,0,0,0,0,1,0,0,0,0,0,0,0,1,0,0,0,0,4,0
1,0,0,0,1,0,0,0,0,0,0,0,1,0,0,0,0,0,0,0,0,0,0,0,0,0,0,0,1,0,0,0,0,0,0,0,0,0,0,0,0,0,0,0,1,0,0,1,0,0,0,0,1,0,0,0,0,0,0,0,0,0,1,0,0,7,1
2,0,0,0,0,0,0,0,1,0,0,0,2,0,0,0,2,2,8,0,2,0,0,1,1,0,0,0,0,0,2,0,0,0,2,0,0,0,0,0,0,0,1,0,0,0,0,0,0,1,0,0,1,0,0,0,0,0,0,1,0,0,0,0,0,8,0
2,2,0,0,0,0,0,1,0,0,1,1,1,0,0,0,2,4,10,0,2,0,0,1,0,1,0,0,2,3,2,4,4,3,2,4,4,0,0,0,0,0,1,0,0,0,0,0,0,1,0,0,1,0,0,0,0,0,0,1,0,0,0,0,0,8,0
1,0,0,0,0,0,0,0,0,0,1,0,0,0,1,0,1,2,5,0,1,0,0,1,0,0,0,0,0,3,2,1,2,3,2,1,2,1,0,0,0,0,1,0,0,0,0,0,0,0,0,0,1,0,0,0,0,0,0,1,0,0,0,0,0,8,1
2,1,0,1,1,0,0,0,0,1,0,0,1,0,0,0,2,1,2,0,2,0,0,1,0,0,1,0,2,1,3,2,3,1,3,2,3,0,0,0,0,0,0,1,0,0,0,0,1,0,0,0,1,0,0,0,0,0,0,1,0,0,0,0,0,8,0
2,0,0,1,0,1,0,0,0,1,0,0,2,0,0,0,1,0,3,0,2,0,0,0,1,0,1,0,1,10,22,6,5,10,22,6,5,0,0,0,0,0,1,0,0,0,0,0,1,0,0,0,1,0,0,0,0,0,0,1,0,0,0,0,0,8,0
4,0,0,0,0,0,0,0,1,1,2,0,1,2,0,1,2,5,11,0,4,0,0,2,0,1,0,0,1,28,56,27,18,28,56,27,18,0,0,0,0,0,0,0,1,0,0,0,1,0,0,0,1,0,0,0,0,0,0,1,0,0,0,0,0,8,0
1,0,0,0,0,0,1,0,0,0,0,0,1,0,0,0,0,6,16,0,1,0,0,0,0,0,0,1,0,0,9,2,0,0,9,2,0,0,1,0,0,0,1,0,0,0,0,0,0,0,0,0,1,0,0,0,0,0,0,1,0,0,0,0,0,15,1
1,0,0,0,0,0,0,0,0,0,1,0,1,0,0,0,1,2,5,0,1,0,0,1,0,0,0,0,0,0,1,3,1,0,1,3,1,1,0,0,0,0,0,0,0,0,1,0,0,1,0,0,1,0,0,0,0,0,0,1,0,0,0,0,0,15,0
1,0,0,0,0,0,0,0,0,0,0,0,0,0,0,0,0,1,0,0,1,0,0,1,0,0,0,0,1,0,2,0,0,0,2,0,0,0,0,1,0,0,1,0,0,0,0,0,0,0,1,0,1,0,0,0,0,0,0,0,1,0,0,0,0,18,1
1,0,0,0,0,0,1,0,0,0,0,0,1,0,0,0,1,0,1,1,0,0,0,0,0,0,1,0,0,0,2,1,2,0,2,1,2,0,0,0,0,0,0,0,0,0,0,1,0,0,0,0,1,0,0,0,0,0,0,0,0,0,1,0,0,21,0
1,0,0,0,0,0,0,1,0,0,0,0,1,0,0,0,1,4,3,0,1,0,0,0,0,1,0,0,0,5,4,2,0,5,4,2,0,0,0,0,0,0,0,0,0,0,1,0,0,0,0,0,1,0,0,0,0,0,0,0,0,0,1,0,0,21,0
2,0,0,0,0,2,0,0,0,0,0,0,0,2,0,0,2,2,2,0,0,1,0,2,0,0,0,0,0,0,1,2,1,0,1,2,1,0,0,0,0,0,0,0,0,1,0,0,0,0,0,0,1,0,0,0,0,0,0,0,1,0,0,0,0,25,1
1,1,0,0,0,0,0,1,0,0,0,0,1,0,0,0,0,6,3,0,1,0,0,0,0,1,0,0,1,2,3,1,0,2,3,1,0,0,0,1,0,0,0,0,1,0,0,0,0,0,0,1,1,0,0,0,0,0,0,0,0,0,0,1,0,26,1
3,0,0,0,0,0,0,0,0,0,1,0,2,0,0,0,1,10,3,2,0,0,0,0,0,1,0,1,1,4,8,0,1,4,8,0,1,0,0,0,0,0,1,0,0,0,0,0,0,0,0,0,1,0,0,0,0,0,0,0,0,0,0,0,1,27,1
3,0,0,0,0,1,1,1,0,0,0,0,2,0,0,0,2,9,4,0,2,0,0,1,0,1,0,0,1,7,7,15,4,7,7,15,4,0,0,0,0,0,0,1,0,0,0,0,1,0,0,0,1,0,0,0,0,0,0,0,0,0,0,0,1,27,0
1,0,0,0,0,0,0,1,0,0,0,0,1,0,0,0,0,1,2,0,1,0,0,0,0,0,0,1,0,0,0,0,0,0,0,0,0,0,0,0,0,0,0,1,0,0,0,0,0,1,0,0,1,0,0,0,0,0,0,0,0,0,0,0,1,27,0
1,0,0,0,0,0,0,0,1,0,0,0,1,0,0,0,1,5,7,0,1,0,0,1,0,0,0,0,1,4,6,9,3,4,6,9,3,0,0,0,0,0,1,0,0,0,0,0,0,1,0,0,1,0,0,0,0,0,0,1,0,0,0,0,0,29,0
1,0,0,0,0,0,0,0,0,0,1,0,0,1,0,0,1,1,3,0,1,0,0,1,0,0,0,0,0,0,0,0,0,0,0,0,0,0,0,0,0,0,0,0,0,0,0,0,1,0,0,0,1,0,0,0,0,0,0,1,0,0,0,0,0,29,0
2,0,0,0,0,0,0,1,0,1,0,0,2,0,0,0,2,9,12,0,2,0,0,0,0,2,0,0,0,19,34,9,10,19,34,9,10,0,1,0,0,0,0,0,1,0,0,0,0,0,0,0,0,0,0,0,0,0,1,0,1,0,0,0,0,1,1
1,0,0,0,0,1,0,0,0,0,0,0,0,0,0,0,1,1,0,0,1,0,0,0,1,0,0,0,0,1,1,4,2,1,1,4,2,0,0,0,0,0,0,0,0,1,0,1,0,0,0,0,0,0,0,0,0,0,1,0,1,0,0,0,0,1,1
1,0,0,0,0,0,0,0,0,1,0,0,1,0,0,0,1,0,1,0,0,0,0,1,0,0,0,0,0,0,0,0,0,0,0,0,0,0,0,0,0,0,1,0,0,0,0,0,0,1,0,0,0,0,0,0,0,0,1,0,1,0,0,0,0,1,0
1,0,0,0,0,0,0,0,0,1,0,0,1,0,0,1,1,0,0,0,0,0,0,0,0,1,0,0,0,8,3,2,0,8,3,2,0,0,0,0,0,0,1,0,0,0,0,0,0,0,0,1,0,0,0,0,0,0,1,0,1,0,0,0,0,1,1
1,1,1,0,0,0,0,1,0,0,0,0,0,1,0,0,1,3,4,0,1,0,0,0,1,0,0,0,2,9,12,9,8,9,12,10,8,0,0,0,0,0,0,0,1,0,0,0,0,1,0,0,0,0,0,0,0,0,1,0,0,0,0,1,0,2,0
2,0,0,0,0,0,0,1,1,0,0,0,1,0,0,0,0,7,11,0,2,0,0,1,0,1,0,0,0,1,2,0,2,1,2,0,2,0,0,0,0,0,0,0,0,1,0,0,0,0,0,0,0,0,0,0,0,0,1,0,0,0,0,0,1,3,1
0,0,1,1,0,0,0,0,0,0,0,0,0,0,0,0,0,0,0,0,0,0,0,0,0,0,1,0,1,0,0,0,0,8,10,11,6,0,1,0,0,0,1,0,0,0,0,0,0,1,0,0,0,0,0,0,0,0,1,0,0,0,0,0,1,3,0
0,0,1,1,0,0,0,0,0,0,0,0,0,0,0,0,0,0,0,0,0,0,0,1,0,0,0,0,1,0,0,0,0,0,0,11,17,0,0,0,0,0,0,1,0,0,0,0,0,1,0,0,0,0,0,0,0,0,1,0,0,0,1,0,0,4,0
1,1,0,0,0,0,0,0,0,0,1,0,0,0,0,0,1,1,0,0,1,0,0,1,0,0,0,0,1,0,0,0,0,0,0,0,0,1,0,0,0,0,0,1,0,0,0,0,0,0,0,0,0,0,0,0,0,0,1,0,0,0,1,0,0,4,1
1,0,0,0,0,0,0,0,0,0,1,0,0,0,1,0,1,2,6,0,1,0,0,1,0,0,0,0,0,3,2,1,2,3,2,1,2,1,0,0,0,0,1,0,0,0,0,0,0,1,0,0,0,0,0,0,0,0,1,1,0,0,0,0,0,5,0
3,0,0,0,0,2,0,0,0,0,1,0,1,0,1,0,2,11,13,0,3,0,0,1,0,0,1,1,0,3,4,10,12,3,4,10,12,0,0,0,0,0,0,0,0,0,1,0,0,0,0,1,0,0,0,0,0,0,1,0,1,0,0,0,0,8,0
2,0,0,0,0,0,0,0,1,0,0,0,1,0,0,0,1,2,7,0,2,0,0,0,0,0,1,1,0,13,19,8,0,13,19,8,0,0,0,0,0,0,1,0,0,0,0,0,0,0,0,0,0,0,0,0,0,0,1,0,1,0,0,0,0,8,0
1,3,0,0,0,0,0,0,0,1,0,0,1,0,0,0,0,0,2,0,1,0,0,1,0,0,0,0,3,1,3,1,3,1,3,1,3,0,0,0,0,0,0,0,0,1,0,0,0,0,0,0,0,0,0,0,0,0,1,0,0,0,0,1,0,9,0
1,0,0,0,0,0,1,0,0,0,0,0,1,0,0,0,1,1,2,0,1,0,0,1,0,0,0,0,0,0,0,3,3,0,0,3,3,0,0,0,0,0,1,0,0,0,0,0,0,1,0,0,0,0,0,0,0,0,1,0,0,0,0,1,0,9,0
2,2,0,0,0,1,0,0,0,1,0,1,1,0,0,0,1,0,6,0,2,0,0,1,0,0,1,0,2,1,3,1,3,1,3,1,3,0,0,0,0,0,0,0,0,1,0,0,0,0,0,0,0,0,0,0,0,0,1,0,0,0,0,1,0,9,0
1,0,0,0,0,0,0,0,1,0,0,0,1,0,0,0,1,5,7,0,1,0,0,1,0,0,1,0,0,4,6,9,3,4,6,9,3,0,0,0,0,0,1,0,0,0,0,0,0,1,0,0,0,0,0,0,0,0,1,0,0,0,0,0,1,10,0
4,0,0,0,0,2,1,0,0,0,0,0,1,1,0,0,3,4,10,0,3,0,0,0,2,0,1,0,1,0,6,11,17,0,6,11,17,0,0,0,0,0,0,1,0,0,0,0,0,1,0,0,0,0,0,0,0,0,1,0,0,0,0,0,1,10,0
3,1,0,0,0,0,0,0,1,1,0,0,0,3,0,0,3,10,24,0,3,0,0,2,0,1,0,0,1,9,34,22,14,9,34,22,14,0,0,0,0,0,1,0,0,0,0,0,0,0,0,0,0,0,0,0,0,0,1,0,0,0,0,0,1,10,0
1,2,0,0,0,0,0,1,0,0,0,0,1,0,0,0,1,1,4,0,0,0,0,0,1,0,0,0,2,5,14,4,8,5,14,4,8,0,0,0,0,0,0,0,0,0,0,1,0,0,0,0,0,0,0,0,0,0,1,0,0,0,1,0,0,11,0
1,0,0,0,0,0,0,1,0,0,0,0,1,0,0,0,0,0,1,0,1,0,0,1,0,0,0,0,0,0,0,0,0,0,0,0,0,0,0,0,0,0,0,0,0,1,0,0,0,0,0,0,0,0,0,0,0,0,1,0,0,0,1,0,0,11,0
1,0,0,0,0,0,1,0,0,0,0,0,1,0,0,0,0,6,17,0,1,0,0,0,0,0,0,1,0,0,9,2,0,0,9,2,0,0,1,0,0,0,1,0,0,0,0,0,0,1,0,0,0,0,0,0,0,0,1,0,1,0,0,0,0,15,0
2,0,0,0,0,0,0,1,1,0,0,0,2,0,0,0,1,1,5,0,0,0,0,0,1,0,0,0,1,5,14,4,8,5,14,4,8,0,0,0,0,0,0,0,0,0,0,1,0,0,0,0,0,0,0,0,0,0,1,0,1,0,0,0,0,15,0
1,1,0,1,0,0,0,0,1,0,0,0,0,1,0,0,1,5,8,0,0,1,0,0,1,0,0,0,2,4,13,5,1,4,13,5,1,0,0,0,0,0,1,0,0,0,0,0,0,1,0,0,0,0,0,0,0,0,1,0,1,0,0,0,0,15,0
1,0,0,0,0,0,0,0,0,0,1,0,0,1,0,0,1,2,6,0,1,0,0,1,0,0,0,0,0,0,0,0,0,0,0,0,0,0,0,0,0,0,0,1,0,0,0,0,0,1,0,0,0,0,0,0,0,0,1,0,1,0,0,0,0,15,0
4,2,0,0,0,0,0,0,2,0,1,1,3,0,0,0,3,9,8,0,4,0,0,1,1,2,0,0,2,24,21,13,11,24,21,13,11,1,0,0,0,0,1,0,0,0,0,0,1,0,0,0,0,0,0,0,0,0,1,0,1,0,0,0,0,15,1
5,0,0,0,1,1,0,1,0,1,0,1,1,1,0,0,3,2,5,1,0,0,0,1,1,1,1,0,1,7,16,21,18,7,16,21,18,0,0,0,0,0,0,0,0,0,0,1,0,0,0,0,0,0,0,0,0,0,1,0,0,0,1,0,0,18,0
1,0,0,0,0,0,0,0,1,0,0,0,1,0,0,0,1,3,7,0,1,0,0,0,1,0,0,0,0,2,5,2,0,2,5,2,0,0,0,0,0,0,0,1,0,0,0,0,0,1,0,0,0,0,0,0,0,0,1,1,0,0,0,0,0,19,0
1,0,0,0,1,0,0,0,0,0,0,0,1,0,0,0,0,4,1,0,0,1,0,0,0,0,0,1,0,7,15,29,5,7,15,29,5,0,0,0,0,0,1,0,0,0,0,0,0,0,1,0,0,0,0,0,0,0,1,0,1,0,0,0,0,22,1
3,0,0,0,0,1,0,0,1,1,0,0,2,1,0,0,3,5,7,0,3,0,0,2,1,1,0,0,0,9,29,83,53,9,29,83,53,1,0,0,0,0,1,0,0,0,0,0,1,0,0,0,0,0,0,0,0,0,1,0,1,0,0,0,0,22,0
0,0,1,0,0,0,0,0,0,0,0,0,0,0,0,0,0,0,0,0,0,0,0,0,0,1,0,0,0,0,0,0,0,8,3,9,0,0,0,1,0,0,1,0,0,0,0,0,1,0,0,0,0,0,0,0,0,0,1,0,1,0,0,0,0,22,0
1,0,0,0,0,0,1,0,0,0,0,0,1,0,0,0,0,0,1,0,1,0,0,0,1,0,0,0,0,0,0,2,3,0,0,2,3,0,0,0,0,0,0,0,0,0,0,1,0,0,0,0,0,0,0,0,0,0,1,0,1,0,0,0,0,22,0
1,3,0,0,0,0,0,0,1,0,0,0,1,0,0,0,1,0,1,0,1,0,0,0,0,1,0,0,3,10,11,0,16,10,11,0,16,0,0,0,0,0,0,0,0,0,0,1,0,0,0,0,0,0,0,0,0,0,1,0,0,0,0,1,0,23,0
2,0,0,1,0,0,0,1,0,1,0,0,1,1,0,0,2,5,2,0,2,0,0,0,1,1,0,0,1,8,14,9,10,8,14,9,10,0,0,0,0,0,1,0,0,0,0,0,0,1,0,0,0,0,0,0,0,0,1,0,0,0,0,1,0,23,0
1,0,0,0,1,0,0,0,0,0,0,0,1,0,0,0,1,3,4,0,0,0,1,0,1,0,0,0,0,2,4,1,1,2,4,1,1,0,0,0,0,0,1,0,0,0,0,0,0,0,1,0,0,0,0,0,0,0,1,0,0,0,0,0,1,24,1
1,0,0,0,1,0,0,0,0,0,0,0,1,0,0,0,1,3,0,0,0,0,0,0,0,0,1,0,0,0,1,5,3,0,1,5,3,0,0,0,0,0,1,0,0,0,0,0,0,0,1,0,0,0,0,0,0,0,1,0,0,0,0,0,1,24,1
2,0,0,0,0,0,0,0,1,0,1,0,2,0,0,0,1,7,10,0,2,0,0,1,0,0,0,1,0,8,19,14,5,8,19,14,5,0,0,0,0,0,0,0,0,0,1,0,0,1,0,0,0,0,0,0,0,0,1,0,0,0,0,0,1,24,0
1,1,0,1,0,0,0,1,0,0,0,1,0,0,0,0,1,7,2,0,0,1,0,0,1,0,0,0,2,30,16,4,4,30,16,4,4,0,0,0,0,0,1,0,0,0,0,0,0,0,1,0,0,0,0,0,0,0,1,1,0,0,0,0,0,26,0
2,0,0,0,0,0,0,0,1,0,0,0,1,0,0,0,1,3,1,0,0,0,0,2,0,0,0,0,0,0,1,0,3,0,1,0,3,0,0,0,0,0,0,0,0,0,1,1,0,0,0,0,0,0,0,0,0,0,1,1,0,0,0,0,0,26,0
1,0,0,0,0,0,0,0,0,1,0,0,0,1,0,0,1,1,2,0,0,0,0,1,0,0,0,0,0,4,23,6,0,4,23,6,0,0,0,0,0,0,0,0,0,0,1,0,0,0,0,0,0,0,0,0,0,0,1,0,1,0,0,0,0,29,0
1,0,0,0,0,0,0,1,0,0,0,0,1,0,0,0,1,2,1,0,0,0,1,0,1,0,0,0,0,2,14,18,1,2,14,18,1,0,0,0,0,0,1,0,0,0,0,0,0,0,0,0,0,0,0,0,0,0,1,0,1,0,0,0,0,29,1
1,0,0,0,0,0,1,0,0,0,0,0,1,0,0,0,1,10,11,0,0,1,0,0,0,1,0,0,0,35,44,40,12,35,44,40,12,0,0,0,0,0,0,0,0,0,1,1,0,0,0,0,0,0,0,0,0,0,1,0,0,0,0,1,0,30,0
1,0,0,0,0,0,0,0,0,0,1,0,1,0,0,0,0,3,1,0,1,0,0,0,0,0,0,0,1,2,3,0,0,2,3,0,0,1,0,0,0,0,1,0,0,0,0,0,0,0,0,0,0,0,0,0,0,0,1,0,0,0,0,1,0,30,1
1,2,0,0,0,0,0,0,0,0,1,0,1,0,0,1,1,4,5,0,0,1,0,0,0,1,0,0,2,0,3,1,0,0,3,1,0,0,0,0,0,0,1,0,0,0,0,0,0,1,0,0,0,0,0,0,0,1,0,0,0,0,0,0,1,1,1
3,1,0,0,0,0,0,2,0,0,1,0,0,1,0,0,1,2,10,0,3,0,0,2,0,0,0,0,2,1,1,4,3,1,1,4,3,0,0,0,0,0,1,0,0,0,0,0,0,0,0,0,0,0,0,0,0,1,0,0,0,0,1,0,0,2,0
4,0,0,0,0,0,0,3,0,0,1,0,1,1,0,0,2,4,10,0,4,0,0,2,0,1,0,0,1,23,26,15,18,23,26,15,18,0,0,0,0,0,1,0,0,0,0,0,0,0,0,0,0,0,0,0,0,1,0,0,0,0,1,0,0,2,0
3,1,0,0,0,0,0,0,0,2,1,0,3,0,0,1,1,2,3,0,3,0,0,0,0,1,0,0,3,3,25,19,19,3,25,19,19,0,0,0,0,0,0,1,0,0,0,0,0,1,0,0,0,0,0,0,0,1,0,1,0,0,0,0,0,3,0
1,0,0,0,0,0,0,0,0,1,0,0,0,0,0,0,1,3,0,0,0,0,0,1,0,0,0,0,0,8,4,0,0,8,4,0,0,0,0,0,0,0,1,0,0,0,0,0,0,1,0,0,0,0,0,0,0,1,0,0,1,0,0,0,0,6,1
1,1,0,0,0,0,0,1,0,0,0,0,0,0,0,0,1,2,0,0,0,0,1,0,1,0,0,0,1,1,10,2,6,1,10,2,6,0,0,0,0,0,1,0,0,0,0,0,0,0,1,0,0,0,0,0,0,1,0,0,1,0,0,0,0,6,1
1,1,0,0,0,0,1,0,0,0,0,0,0,0,1,0,1,0,3,0,0,0,0,0,0,1,0,0,1,0,1,1,2,0,1,1,2,0,0,0,0,0,1,0,0,0,0,0,0,0,1,0,0,0,0,0,0,1,0,0,1,0,0,0,0,6,0
1,0,0,0,0,0,1,0,0,0,0,0,1,0,0,0,1,2,0,0,0,1,0,0,0,0,1,0,1,2,26,13,2,2,26,13,2,0,0,0,0,0,1,0,0,0,0,0,0,0,0,0,0,0,0,0,0,1,0,0,1,0,0,0,0,6,1
3,0,1,0,0,0,0,0,1,0,1,0,2,1,0,0,3,4,22,0,3,0,0,3,0,0,0,1,0,5,11,4,1,5,11,15,18,1,0,0,0,1,0,0,0,0,1,1,0,0,0,0,0,0,0,0,0,1,0,0,0,0,0,1,0,7,0
3,1,0,0,0,0,0,2,1,0,0,0,1,1,0,1,2,8,16,0,3,0,0,0,2,0,0,1,1,9,12,28,10,9,12,28,10,0,0,0,0,1,0,0,0,0,1,1,0,0,0,0,0,0,0,0,0,1,0,0,0,0,0,1,0,7,0
2,0,0,0,0,0,0,0,0,1,1,0,2,0,0,0,2,4,3,0,2,0,0,0,0,2,0,0,0,21,11,5,4,21,11,5,4,0,0,0,0,1,0,0,0,0,1,1,0,0,0,0,0,0,0,0,0,1,0,0,0,0,0,1,0,7,0
3,1,0,0,0,1,0,1,1,0,0,0,3,0,0,0,3,12,33,0,3,0,0,1,0,1,1,0,1,74,144,57,15,74,144,57,15,0,0,1,0,0,0,0,0,0,1,0,0,1,0,0,0,0,0,0,0,1,0,0,0,0,0,1,0,7,0
2,1,0,0,0,0,0,1,0,1,0,0,1,0,0,0,1,7,2,0,1,0,0,1,0,0,0,0,2,0,0,0,0,0,0,0,0,1,0,0,0,1,0,0,0,0,0,1,0,0,0,0,0,0,0,0,0,1,0,0,0,0,0,1,0,7,1
1,3,0,0,0,1,0,0,0,0,0,0,1,0,0,0,0,0,1,0,1,0,0,0,1,0,0,0,3,2,0,0,0,2,0,0,0,0,0,0,0,1,0,0,0,0,1,1,0,0,0,0,0,0,0,0,0,1,0,0,0,0,0,1,0,7,0
4,1,0,0,0,1,0,1,2,0,0,0,4,0,0,1,3,3,28,0,4,0,0,2,0,1,1,0,1,31,69,35,62,31,69,35,62,0,0,0,0,1,0,0,0,0,1,1,0,0,0,0,0,0,0,0,0,1,0,0,0,0,0,1,0,7,0
1,3,0,0,0,0,0,1,0,0,0,0,0,0,0,0,0,0,1,0,0,1,0,1,0,0,0,0,3,0,0,0,0,0,0,0,0,0,0,1,0,0,0,0,0,0,1,0,0,1,0,0,0,0,0,0,0,1,0,0,0,0,0,1,0,7,0
1,0,0,0,0,0,0,0,1,0,0,0,1,0,0,0,0,4,4,0,1,0,0,0,0,0,1,0,0,10,7,3,0,10,7,3,0,0,0,1,0,1,0,0,0,0,0,1,0,0,0,0,0,0,0,0,0,1,0,0,0,0,0,1,0,7,1
1,0,0,0,0,1,0,0,0,0,0,0,0,0,1,0,1,5,10,0,1,0,0,0,0,0,1,0,0,10,17,11,4,10,17,11,4,0,0,0,0,1,0,0,0,0,0,1,0,0,0,0,0,0,0,0,0,1,0,0,0,0,0,1,0,7,1
1,0,0,0,0,0,0,0,0,0,1,0,0,0,0,0,0,0,1,0,1,0,0,0,0,0,0,0,1,0,0,0,0,0,0,0,0,0,0,0,0,1,0,0,0,0,1,1,0,0,0,0,0,0,0,0,0,1,0,0,0,0,0,1,0,7,0
3,0,0,0,1,2,0,0,0,0,0,0,1,0,0,0,0,0,1,0,1,0,0,0,0,1,0,0,2,1,28,48,27,1,28,48,27,0,0,1,0,0,0,0,0,0,1,0,0,1,0,0,0,0,0,0,0,1,0,0,0,0,0,1,0,7,0
2,2,0,0,0,0,0,1,0,1,0,0,1,0,0,0,2,9,2,0,2,0,0,2,0,0,0,0,2,4,0,7,0,4,0,7,0,1,0,0,0,1,0,0,0,0,0,1,0,0,0,0,0,0,0,0,0,1,0,0,0,0,0,1,0,7,1
2,2,1,0,0,0,1,1,0,0,0,0,2,0,0,0,1,0,7,0,2,0,0,0,1,1,0,1,2,34,33,22,17,34,33,22,17,1,0,0,0,1,0,0,0,0,1,1,0,0,0,0,0,0,0,0,0,1,0,0,0,0,0,1,0,7,0
3,1,0,0,0,1,0,0,1,0,1,0,0,2,0,0,2,8,12,0,1,1,0,0,1,0,1,0,2,11,26,10,2,11,26,10,2,1,0,0,0,1,0,0,0,0,1,1,0,0,0,0,0,0,0,0,0,1,0,0,0,0,0,1,0,7,0
1,1,0,0,0,0,0,0,0,1,0,0,1,0,0,0,1,3,3,0,1,0,0,1,0,1,0,0,1,8,11,3,3,8,11,3,3,0,0,0,0,1,0,0,0,0,1,1,0,0,0,0,0,0,0,0,0,1,0,0,0,0,0,1,0,7,0
2,1,0,0,0,0,1,0,1,0,0,0,1,1,0,1,2,3,4,0,0,0,0,0,1,1,0,0,1,3,3,4,0,3,3,4,0,0,0,0,0,1,0,0,0,0,1,1,0,0,0,0,0,0,0,0,0,1,0,0,0,0,0,1,0,7,0
1,0,0,0,0,0,0,0,0,1,0,0,1,0,0,0,1,1,4,0,1,0,0,1,0,0,0,0,0,3,1,1,0,3,1,1,0,0,0,1,0,1,0,0,0,0,1,1,0,0,0,0,0,0,0,0,0,1,0,0,0,0,0,1,0,7,0
1,4,1,0,0,1,0,0,0,0,0,0,1,0,0,0,0,3,5,0,1,0,0,2,0,0,0,0,4,0,0,0,0,0,0,11,17,0,0,0,0,0,0,0,1,0,0,0,1,0,0,0,0,0,0,0,0,1,0,0,0,0,0,1,0,7,1
2,0,0,0,0,2,0,0,0,0,0,0,2,0,0,0,2,8,5,0,2,0,0,0,1,0,1,0,0,9,18,7,5,9,18,7,5,0,0,1,0,1,0,0,0,0,0,1,0,0,0,0,0,0,0,0,0,1,0,0,0,0,0,1,0,7,1
2,0,0,0,0,0,0,0,0,2,0,0,1,0,1,0,2,6,10,0,2,0,0,1,1,0,0,0,0,2,5,4,0,2,5,4,0,0,0,0,0,1,0,0,0,0,0,1,0,0,0,0,0,0,0,0,0,1,0,0,0,0,0,1,0,7,1
1,0,0,0,0,0,0,0,0,1,0,0,1,0,0,0,1,1,2,0,1,0,0,0,0,1,0,0,0,5,4,7,1,5,4,7,1,0,0,0,0,1,0,0,0,0,1,1,0,0,0,0,0,0,0,0,0,1,0,0,0,0,0,1,0,7,0
3,3,0,0,0,1,1,0,0,1,0,0,3,0,0,0,3,7,4,0,3,0,0,1,0,0,2,0,3,8,39,14,9,8,39,14,9,0,0,0,0,1,0,0,0,0,1,1,0,0,0,0,0,0,0,0,0,1,0,0,0,0,0,1,0,7,0
1,2,0,0,1,0,0,0,0,0,0,0,1,0,0,0,1,3,10,0,1,0,0,0,0,0,1,0,2,9,22,7,9,9,22,7,9,1,0,0,0,1,0,0,0,0,1,1,0,0,0,0,0,0,0,0,0,1,0,0,0,0,0,1,0,7,0
1,3,0,0,0,0,0,1,0,0,0,0,0,0,0,0,0,0,1,0,0,1,0,1,0,0,0,0,3,0,0,0,0,0,0,0,0,0,0,1,0,0,0,0,0,0,1,1,0,0,0,0,0,0,0,0,0,1,0,0,0,0,0,1,0,7,0
3,0,0,0,1,2,0,0,0,0,0,0,1,0,0,0,0,0,1,0,1,0,0,0,0,1,0,0,2,1,28,48,27,1,28,48,27,0,0,1,0,1,0,0,0,0,1,1,0,0,0,0,0,0,0,0,0,1,0,0,0,0,0,1,0,7,0
1,0,0,0,1,0,0,0,0,0,0,0,1,0,0,0,1,9,5,0,1,0,0,0,0,0,1,0,0,11,29,46,24,11,29,46,24,0,0,0,0,1,0,0,0,0,0,1,0,0,0,0,0,0,0,0,0,1,0,0,0,0,0,1,0,7,1
2,0,0,0,0,0,0,0,1,0,1,1,1,0,0,0,2,4,7,0,1,0,0,1,0,0,0,0,1,4,10,9,1,4,10,9,1,1,0,0,0,1,0,0,0,0,1,1,0,0,0,0,0,0,0,0,0,1,0,0,0,0,0,1,0,7,0
1,0,0,0,0,0,0,1,0,0,0,0,1,0,0,0,0,0,2,0,1,0,0,1,0,0,0,0,0,0,0,0,0,0,0,0,0,0,0,1,0,0,0,0,0,0,1,0,0,1,0,0,0,0,0,0,0,1,0,0,0,0,0,1,0,7,0
2,0,0,0,1,0,0,1,0,0,0,0,1,0,0,0,0,6,3,0,1,0,0,0,0,0,0,1,1,0,0,0,0,0,0,0,0,0,1,0,0,1,0,0,0,0,1,1,0,0,0,0,0,0,0,0,0,1,0,0,0,0,0,1,0,7,0
4,1,0,0,0,0,0,1,1,1,1,1,1,1,0,1,3,8,8,2,2,0,0,2,0,1,0,0,2,22,33,12,8,22,33,12,8,0,0,0,0,1,0,0,0,0,1,1,0,0,0,0,0,0,0,0,0,1,0,0,0,0,0,1,0,7,0
0,1,0,0,0,0,0,0,0,0,0,0,0,0,0,0,0,0,0,0,0,0,0,0,0,0,0,0,1,0,0,0,0,0,0,0,0,0,0,1,0,0,0,1,0,0,0,1,0,0,0,0,0,0,0,0,0,1,0,0,0,0,0,1,0,7,1
1,0,0,0,0,0,0,0,0,1,0,0,1,0,0,0,1,2,6,0,1,0,0,1,0,0,0,0,0,2,5,4,0,2,5,4,0,0,0,0,0,1,0,0,0,0,1,1,0,0,0,0,0,0,0,0,0,1,0,0,0,0,0,1,0,7,0
0,1,0,0,0,0,0,0,0,0,0,0,0,0,0,0,0,0,0,0,0,0,0,0,0,0,0,0,1,0,0,0,0,0,0,0,0,0,0,1,0,0,0,1,0,0,0,1,0,0,0,0,0,0,0,0,0,1,0,0,0,0,0,1,0,7,1
1,0,0,0,0,0,0,0,0,1,0,0,0,1,0,0,1,3,12,0,1,0,0,1,0,0,0,0,0,3,9,8,0,3,9,8,0,1,0,0,0,1,0,0,0,0,1,1,0,0,0,0,0,0,0,0,0,1,0,0,0,0,0,1,0,7,0
2,2,0,0,0,0,0,0,1,0,0,0,2,0,0,0,0,0,8,0,2,0,0,0,1,1,0,0,2,0,2,5,3,0,2,5,3,0,0,0,0,1,0,0,0,0,1,1,0,0,0,0,0,0,0,0,0,1,0,0,0,0,0,1,0,7,0
1,0,0,0,0,0,0,1,0,0,0,0,1,0,0,0,1,0,5,0,1,0,0,0,0,0,0,1,0,1,5,2,1,1,5,2,1,1,0,0,0,1,0,0,0,0,1,1,0,0,0,0,0,0,0,0,0,1,0,0,0,0,0,1,0,7,0
1,1,0,0,0,0,0,0,0,0,1,0,1,0,0,0,1,2,1,0,0,1,0,1,0,0,0,0,1,2,3,1,0,2,3,1,0,0,0,0,0,0,1,0,0,0,0,0,0,0,1,0,0,0,0,0,0,1,0,0,0,0,0,1,0,7,1
2,0,0,0,0,0,0,0,0,2,0,0,2,0,0,1,2,5,10,0,2,0,0,0,0,2,0,0,0,8,5,7,0,8,5,7,0,0,0,0,0,1,0,0,0,0,1,1,0,0,0,0,0,0,0,0,0,1,0,0,0,0,0,1,0,7,0
2,1,0,0,0,0,1,0,1,0,0,0,1,0,0,1,1,2,4,0,0,0,0,0,1,0,0,0,2,5,10,25,8,5,10,25,8,0,0,0,0,1,0,0,0,0,1,1,0,0,0,0,0,0,0,0,0,1,0,0,0,0,0,1,0,7,0
2,0,0,0,0,0,0,1,1,0,0,1,0,0,0,0,2,3,12,2,0,0,0,1,0,0,1,0,0,0,0,0,0,0,0,0,0,0,0,0,0,0,1,0,0,0,0,0,0,0,1,0,0,0,0,0,0,1,0,0,0,0,0,1,0,7,1
3,1,0,0,0,0,0,1,1,1,0,0,3,0,0,2,1,4,28,0,3,0,0,1,0,1,0,0,2,7,55,24,51,7,55,24,51,0,0,0,0,1,0,0,0,0,1,1,0,0,0,0,0,0,0,0,0,1,0,0,0,0,0,1,0,7,0
4,2,0,0,0,1,1,1,0,0,1,0,3,0,0,0,1,1,3,0,3,0,0,2,0,0,1,0,3,3,10,2,9,3,10,2,9,1,0,0,0,1,0,0,0,0,1,1,0,0,0,0,0,0,0,0,0,1,0,0,0,0,0,1,0,7,0
2,1,0,0,0,0,1,1,0,0,0,0,1,0,1,1,0,3,2,0,0,2,0,1,0,0,0,1,1,12,3,3,1,12,3,3,1,0,0,0,0,1,0,0,0,0,0,1,0,0,0,0,0,0,0,0,0,1,0,0,0,0,0,1,0,7,1
1,0,0,0,0,0,0,0,0,1,0,0,1,0,0,0,1,1,2,0,1,0,0,0,0,1,0,0,0,5,4,7,1,5,4,7,1,0,0,0,0,0,0,0,0,0,1,0,1,0,0,0,0,0,0,0,0,1,0,0,0,0,0,1,0,7,0
2,3,0,0,0,0,0,0,1,0,0,0,2,0,0,0,0,0,8,0,2,0,0,0,1,1,0,0,3,0,2,5,3,0,2,5,3,0,0,0,0,1,0,0,0,0,1,1,0,0,0,0,0,0,0,0,0,1,0,0,0,0,0,1,0,7,0
3,2,0,0,0,1,0,1,1,0,0,0,2,0,0,0,2,7,41,0,2,0,0,0,0,2,0,0,3,27,79,45,13,27,79,45,13,0,0,1,0,0,0,0,0,0,1,1,0,0,0,0,0,0,0,0,0,1,0,0,0,0,0,1,0,7,0
4,2,0,0,1,0,1,0,1,0,1,0,1,0,1,1,2,11,17,1,2,0,0,2,1,0,1,0,2,42,59,19,5,42,59,19,5,0,1,0,0,1,0,0,0,0,0,1,0,0,0,0,0,0,0,0,0,1,0,0,0,0,0,1,0,7,1
0,0,0,0,0,0,0,0,0,0,0,0,0,0,0,0,0,0,0,0,0,0,0,1,0,0,0,0,0,0,0,0,0,0,4,3,1,0,0,1,0,0,0,0,0,0,1,1,0,0,0,0,0,0,0,0,0,1,0,0,0,0,0,1,0,7,0
1,1,0,0,0,0,0,0,0,0,1,0,1,0,0,0,0,4,8,0,1,0,0,1,0,0,0,0,1,1,1,5,0,1,1,5,0,0,0,0,0,0,0,0,0,0,1,0,1,0,0,0,0,0,0,0,0,1,0,0,0,0,0,1,0,7,0
1,2,0,0,0,0,0,1,0,0,0,0,1,0,0,1,0,4,1,0,1,0,0,0,0,1,0,0,2,29,21,11,8,29,21,11,8,1,0,0,0,1,0,0,0,0,0,1,0,0,0,0,0,0,0,0,0,1,0,0,0,0,0,1,0,7,1
3,2,0,0,0,0,1,0,0,1,1,0,1,0,0,0,1,2,9,0,2,0,0,1,0,0,1,0,3,15,20,12,5,15,20,12,5,0,1,0,0,0,0,0,0,0,1,0,1,0,0,0,0,0,0,0,0,1,0,0,0,0,0,1,0,7,0
1,0,0,0,0,0,0,0,1,0,0,0,1,0,0,0,1,0,4,0,0,1,0,1,0,0,0,0,0,1,31,11,22,1,31,11,22,0,0,0,0,1,0,0,0,0,1,1,0,0,0,0,0,0,0,0,0,1,0,0,0,0,0,1,0,7,0
1,0,0,0,0,0,0,1,0,0,0,0,1,0,0,0,1,2,6,0,1,0,0,1,0,0,0,0,0,11,3,1,0,11,3,1,0,1,0,0,0,1,0,0,0,0,1,1,0,0,0,0,0,0,0,0,0,1,0,0,0,0,0,1,0,7,0
0,2,1,0,0,0,0,0,0,0,0,0,0,0,0,0,0,0,0,0,0,0,0,0,1,0,0,0,2,0,0,0,0,6,3,6,2,0,0,1,0,1,0,0,0,0,1,1,0,0,0,0,0,0,0,0,0,1,0,0,0,0,0,1,0,7,0
2,1,0,0,0,1,0,0,0,1,0,0,1,0,0,0,2,0,3,0,2,0,0,2,0,0,0,0,1,0,2,1,0,0,2,1,0,0,0,0,0,1,0,0,0,0,1,1,0,0,0,0,0,0,0,0,0,1,0,0,0,0,0,1,0,7,0
1,1,0,0,0,0,0,0,1,0,0,0,1,0,0,0,0,2,1,0,1,0,0,0,0,0,0,0,2,9,4,2,1,9,4,2,1,0,0,0,0,1,0,0,0,0,0,1,0,0,0,0,0,0,0,0,0,1,0,0,0,0,0,1,0,7,1
1,0,0,0,0,0,0,0,0,1,0,0,1,0,0,0,1,1,4,0,1,0,0,0,0,1,0,0,0,8,5,3,1,8,5,3,1,0,0,0,0,1,0,0,0,0,1,1,0,0,0,0,0,0,0,0,0,1,0,0,0,0,0,1,0,7,0
1,0,0,0,0,0,0,0,0,0,1,0,1,0,0,0,0,0,6,0,0,1,0,0,0,0,0,0,1,1,0,1,0,1,0,1,0,1,0,0,0,1,0,0,0,0,1,1,0,0,0,0,0,0,0,0,0,1,0,0,0,0,0,1,0,7,0
1,2,0,0,0,0,0,0,1,0,0,0,1,0,0,0,1,0,1,0,1,0,0,1,0,0,0,0,2,3,8,6,5,3,8,6,5,0,0,0,0,1,0,0,0,0,1,1,0,0,0,0,0,0,0,0,0,1,0,0,0,0,0,1,0,7,0
2,0,0,0,0,0,0,0,1,0,1,1,1,0,0,0,2,4,7,0,1,0,0,1,0,0,0,0,1,4,10,9,1,4,10,9,1,1,0,0,0,0,0,0,0,0,1,0,1,0,0,0,0,0,0,0,0,1,0,0,0,0,0,1,0,7,0
1,2,0,0,0,0,0,0,0,1,0,0,1,0,0,0,1,1,3,0,0,0,0,1,0,0,0,0,2,27,28,7,4,27,28,7,4,0,0,0,0,1,0,0,0,0,1,1,0,0,0,0,0,0,0,0,0,1,0,0,0,0,0,1,0,7,0
1,1,1,0,0,0,0,0,0,1,0,0,1,0,0,0,1,1,2,0,1,0,0,0,0,2,0,0,1,2,2,2,1,2,2,2,1,0,0,0,0,1,0,0,0,0,1,1,0,0,0,0,0,0,0,0,0,1,0,0,0,0,0,1,0,7,0
2,4,0,0,0,0,0,1,0,0,1,1,1,0,0,0,2,8,10,0,2,0,0,1,0,1,0,0,4,8,5,15,6,8,5,15,6,0,0,0,0,1,0,0,0,0,0,1,0,0,0,0,0,0,0,0,0,1,0,0,0,0,0,1,0,7,1
3,2,0,0,0,1,0,0,1,1,0,0,1,0,0,1,3,9,20,0,3,0,0,1,0,1,1,0,2,16,18,34,19,16,18,34,19,1,0,0,0,1,0,0,0,0,1,1,0,0,0,0,0,0,0,0,0,1,0,0,0,0,0,1,0,7,0
1,1,0,0,0,0,0,0,1,0,0,0,1,0,0,0,1,0,1,0,0,0,0,0,0,0,0,0,2,0,9,0,2,0,9,0,2,1,0,0,0,1,0,0,0,0,1,1,0,0,0,0,0,0,0,0,0,1,0,0,0,0,0,1,0,7,0
2,1,0,0,0,0,1,1,0,0,0,0,2,0,0,0,1,5,7,0,2,0,0,1,0,1,0,0,1,5,4,2,0,5,4,2,0,0,0,1,0,1,0,0,0,0,1,1,0,0,0,0,0,0,0,0,0,1,0,0,0,0,0,1,0,7,0
1,2,0,0,0,0,1,0,0,0,0,0,1,0,0,0,0,2,0,0,1,0,0,0,1,0,0,0,2,16,11,4,2,16,11,4,2,1,0,0,0,1,0,0,0,0,0,1,0,0,0,0,0,0,0,0,0,1,0,0,0,0,0,1,0,7,1
1,1,0,0,0,0,0,0,0,1,0,0,0,0,0,0,1,7,18,0,1,0,0,1,0,0,0,0,1,5,10,16,1,5,10,16,1,0,0,0,0,0,0,0,0,0,1,0,1,0,0,0,0,0,0,0,0,1,0,0,0,0,0,1,0,7,0
2,1,0,0,0,0,1,0,1,0,0,0,0,1,1,1,2,8,9,0,2,0,0,0,0,1,1,0,1,6,3,3,0,6,3,3,0,0,0,0,0,1,0,0,0,0,1,1,0,0,0,0,0,0,0,0,0,1,0,0,0,0,0,1,0,7,0
5,0,0,0,0,2,0,0,1,1,0,1,1,0,1,0,2,12,24,0,4,0,0,2,0,1,0,1,1,0,6,39,8,0,6,39,8,0,0,1,0,1,0,0,0,0,1,1,0,0,0,0,0,0,0,0,0,1,0,0,0,0,0,1,0,7,0
1,4,0,0,0,0,0,0,1,0,0,0,1,0,0,0,1,5,1,0,1,0,0,0,0,1,0,0,4,3,8,21,15,3,8,21,15,0,0,0,0,1,0,0,0,0,0,1,0,0,0,0,0,0,0,0,0,1,0,0,0,0,0,1,0,7,1
2,0,1,0,0,0,0,1,0,0,0,0,1,0,0,0,1,4,13,0,2,0,0,0,1,1,0,1,0,23,14,5,3,23,14,5,3,0,1,0,0,1,0,0,0,0,1,1,0,0,0,0,0,0,0,0,0,1,0,0,0,0,0,1,0,7,0
1,0,0,0,0,0,0,0,0,0,1,0,1,0,0,0,1,0,1,0,1,0,0,0,0,1,0,0,0,0,1,3,2,0,1,3,2,0,0,0,0,1,0,0,0,0,1,1,0,0,0,0,0,0,0,0,0,1,0,0,0,0,0,1,0,7,0
1,1,0,0,0,0,0,0,1,0,0,0,1,0,0,0,1,4,16,0,1,0,0,0,0,1,0,0,1,14,49,19,5,14,49,19,5,0,0,1,0,0,0,0,0,0,1,1,0,0,0,0,0,0,0,0,0,1,0,0,0,0,0,1,0,7,0
3,2,0,0,0,1,0,1,1,0,0,0,2,0,0,0,2,7,41,0,2,0,0,0,0,2,0,0,3,27,79,45,13,27,79,45,13,0,0,1,0,1,0,0,0,0,1,1,0,0,0,0,0,0,0,0,0,1,0,0,0,0,0,1,0,7,0
1,3,0,0,0,1,0,0,0,0,0,0,1,0,0,0,0,5,18,0,1,0,0,0,1,0,0,0,3,6,6,2,0,6,6,2,0,0,0,1,0,1,0,0,0,0,0,1,0,0,0,0,0,0,0,0,0,1,0,0,0,0,0,1,0,7,1
3,1,1,0,0,0,0,0,2,1,0,0,2,1,0,1,3,6,17,0,3,0,0,1,1,2,0,0,1,43,69,53,28,43,69,53,28,0,0,0,0,1,0,0,0,0,0,1,0,0,0,0,0,0,0,0,0,1,0,0,0,0,0,1,0,7,1
1,0,0,0,0,0,0,0,0,0,1,0,1,0,0,0,1,1,1,0,1,0,0,0,0,0,0,1,0,0,0,0,0,0,0,0,0,0,0,0,0,0,0,0,0,0,1,1,0,0,0,0,0,0,0,0,0,1,0,0,0,0,0,1,0,7,0
1,2,0,0,0,0,0,1,0,0,0,0,1,0,0,0,1,5,4,0,1,0,0,0,0,1,0,0,2,5,4,2,0,5,4,2,0,0,0,0,0,1,0,0,0,0,0,1,0,0,0,0,0,0,0,0,0,1,0,0,0,0,0,1,0,7,1
2,0,0,0,0,0,0,0,1,0,1,0,1,0,0,0,0,1,1,0,1,0,0,1,0,0,0,0,1,2,1,0,1,2,1,0,1,0,0,0,0,1,0,0,0,0,1,1,0,0,0,0,0,0,0,0,0,1,0,0,0,0,0,1,0,7,0
3,1,0,0,1,0,0,0,2,0,0,0,1,0,0,0,0,4,3,0,2,0,0,2,0,0,0,0,2,4,5,5,4,4,5,5,4,1,0,0,0,1,0,0,0,0,1,1,0,0,0,0,0,0,0,0,0,1,0,0,0,0,0,1,0,7,0
1,2,0,0,0,0,0,1,0,0,0,0,1,0,0,0,0,1,5,0,1,0,0,0,0,1,0,0,2,0,17,24,14,0,17,24,14,0,0,1,0,1,0,0,0,0,1,1,0,0,0,0,0,0,0,0,0,1,0,0,0,0,0,1,0,7,0
3,2,0,0,0,1,1,1,0,0,0,0,3,0,0,0,2,1,17,0,3,0,0,1,0,1,1,0,2,27,25,10,8,27,25,10,8,0,0,0,0,1,0,0,0,0,1,1,0,0,0,0,0,0,0,0,0,1,0,0,0,0,0,1,0,7,0
1,1,0,0,0,0,1,0,0,0,0,0,0,0,0,1,1,3,1,0,0,0,1,1,0,0,0,0,1,1,0,0,0,1,0,0,0,0,0,0,0,0,1,0,0,0,0,0,0,0,1,0,0,0,0,0,0,1,0,0,0,0,0,1,0,7,1
0,3,0,0,0,0,0,0,0,0,0,0,0,0,0,0,0,0,0,0,0,0,0,0,0,0,0,0,3,0,0,0,0,0,0,0,0,0,0,1,0,1,0,0,0,0,1,1,0,0,0,0,0,0,0,0,0,1,0,0,0,0,0,1,0,7,0
2,1,0,0,0,0,1,0,0,0,1,0,2,0,0,0,2,9,12,0,2,0,0,0,0,1,1,0,1,6,12,2,0,6,12,2,0,0,0,0,0,1,0,0,0,0,1,1,0,0,0,0,0,0,0,0,0,1,0,0,0,0,0,1,0,7,0
3,0,0,0,1,1,0,0,1,0,0,0,1,0,1,0,2,12,33,0,3,0,0,0,0,1,2,0,0,8,8,22,7,8,8,22,7,0,0,0,0,1,0,0,0,0,1,1,0,0,0,0,0,0,0,0,0,1,0,0,0,0,0,1,0,7,0
1,1,0,0,0,0,0,0,1,0,0,0,0,1,0,0,1,1,10,0,0,0,0,1,0,0,0,0,1,2,7,4,2,2,7,4,2,0,0,1,0,1,0,0,0,0,1,1,0,0,0,0,0,0,0,0,0,1,0,0,0,0,0,1,0,7,0
1,0,0,0,0,0,0,0,0,1,0,0,0,0,0,0,0,0,1,0,1,0,0,1,0,0,0,0,0,0,0,0,0,0,0,0,0,0,0,1,0,1,0,0,0,0,1,1,0,0,0,0,0,0,0,0,0,1,0,0,0,0,0,1,0,7,0
4,1,0,0,0,1,0,2,1,0,0,0,4,0,0,1,2,3,40,0,4,0,0,2,0,1,1,0,1,19,66,29,62,19,66,29,62,0,0,0,0,1,0,0,0,0,1,1,0,0,0,0,0,0,0,0,0,1,0,0,0,0,0,1,0,7,0
1,1,0,0,0,0,0,0,1,0,0,0,0,0,0,0,0,0,2,0,1,0,0,1,0,0,0,0,1,0,0,2,0,0,0,2,0,0,0,1,0,0,0,0,0,0,1,1,0,0,0,0,0,0,0,0,0,1,0,0,0,0,0,1,0,7,0
1,1,0,0,1,0,0,0,0,0,0,0,1,0,0,0,0,1,2,0,1,0,0,0,0,0,0,1,1,9,23,42,13,9,23,42,13,0,0,0,0,0,1,0,0,0,0,0,0,0,1,0,0,0,0,0,0,1,0,0,0,0,0,0,1,8,0
1,0,0,0,1,0,0,0,0,0,0,0,1,0,0,0,1,1,3,0,1,0,0,0,0,0,1,0,0,2,6,5,0,2,6,5,0,0,0,0,0,0,1,0,0,0,0,0,0,0,1,0,0,0,0,0,0,1,0,0,0,0,0,0,1,8,1
1,0,0,0,0,1,0,0,0,0,0,0,1,0,0,0,0,0,1,0,0,0,0,0,0,0,0,0,1,0,1,1,2,0,1,1,2,0,0,0,0,0,1,0,0,0,0,0,0,0,0,1,0,0,0,0,0,1,0,1,0,0,0,0,0,10,1
2,2,0,0,0,0,0,1,0,1,0,0,0,1,0,1,1,5,7,0,1,0,0,0,1,0,0,0,3,3,6,10,2,3,6,10,2,0,0,0,0,0,1,0,0,0,0,0,0,0,1,0,0,0,0,0,0,1,0,0,1,0,0,0,0,13,1
2,0,0,0,1,1,0,0,0,0,0,0,2,0,0,2,2,7,10,0,0,2,0,0,0,2,0,0,0,13,2,15,0,13,2,15,0,0,0,0,0,0,0,0,0,0,0,0,0,0,0,0,0,0,0,0,0,1,0,0,1,0,0,0,0,13,1
1,0,0,0,0,0,1,0,0,0,0,0,1,0,0,0,1,13,4,1,0,0,0,0,0,0,1,0,0,31,19,25,25,31,19,25,25,0,0,0,0,0,1,0,0,0,0,1,0,0,0,0,0,0,0,0,0,1,0,0,0,0,0,0,1,15,1
1,2,0,0,0,0,0,1,0,0,0,0,1,0,0,0,1,4,2,0,0,0,0,0,0,0,1,0,2,26,33,36,45,26,33,36,45,0,0,0,1,0,0,1,0,0,0,1,0,0,0,0,0,0,0,0,0,1,0,0,0,0,0,0,1,15,1
2,1,0,0,0,0,0,0,2,0,0,0,1,1,0,0,2,1,5,0,0,2,0,2,0,0,0,0,1,2,5,2,2,2,5,2,2,0,0,0,1,0,0,0,0,1,0,1,0,0,0,0,0,0,0,0,0,1,0,0,0,0,1,0,0,16,1
2,0,0,0,0,0,0,1,0,0,1,0,1,0,0,0,2,2,7,0,0,0,0,0,0,0,0,0,2,0,0,0,0,0,0,0,0,0,0,0,0,0,0,0,0,0,0,1,0,0,0,0,0,0,0,0,0,1,0,0,0,0,1,0,0,16,0
2,0,0,0,0,0,1,1,0,0,0,0,2,0,0,2,2,0,8,1,0,0,0,1,0,0,1,0,0,3,2,3,4,3,2,3,4,0,0,0,1,0,0,0,0,0,1,1,0,0,0,0,0,0,0,0,0,1,0,0,0,0,1,0,0,16,0
2,4,0,0,1,0,0,0,0,0,1,0,1,1,0,0,2,4,0,2,0,0,0,0,0,2,0,0,4,9,2,2,1,9,2,2,1,0,0,0,1,0,0,0,0,0,0,1,0,0,0,0,0,0,0,0,0,1,0,0,0,0,1,0,0,16,1
2,0,0,0,0,0,1,0,0,1,0,0,1,0,0,1,2,0,3,2,0,0,0,0,0,1,1,0,0,3,2,7,5,3,2,7,5,0,0,0,1,0,0,0,0,0,1,1,0,0,0,0,0,0,0,0,0,1,0,0,0,0,1,0,0,16,0
2,1,0,0,0,1,0,0,1,0,0,0,2,0,0,0,2,1,1,0,0,0,0,1,0,0,0,0,2,0,0,0,1,0,0,0,1,0,0,0,1,0,0,0,0,0,1,1,0,0,0,0,0,0,0,0,0,1,0,0,0,0,1,0,0,16,0
1,3,0,0,0,0,0,0,0,1,0,0,0,0,0,0,1,1,3,0,0,0,0,1,0,0,0,0,3,1,3,12,9,1,3,12,9,0,0,0,1,0,0,0,0,0,1,1,0,0,0,0,0,0,0,0,0,1,0,0,0,0,1,0,0,16,0
1,4,0,0,0,1,0,0,0,0,0,0,0,1,0,0,1,3,1,0,0,0,0,0,0,0,1,0,5,0,0,0,0,0,2,4,0,0,0,0,1,0,0,0,1,0,0,1,0,0,0,0,0,0,0,0,0,1,0,0,0,0,1,0,0,16,1
2,0,0,0,0,0,0,0,1,0,0,0,1,0,0,0,1,2,8,0,2,0,0,0,0,0,1,1,0,0,0,0,0,0,0,0,0,0,0,0,0,0,1,0,0,0,0,0,0,1,0,0,0,0,0,0,0,1,0,0,0,0,1,0,0,16,0
2,0,0,1,0,0,0,0,0,2,0,1,1,0,0,0,2,7,2,0,0,2,0,2,0,0,0,0,1,0,3,0,12,0,3,0,12,0,0,0,0,0,1,0,0,0,0,0,0,0,0,0,0,0,0,0,0,1,0,0,0,0,0,0,1,22,1
0,0,1,1,0,0,0,0,0,0,0,0,0,0,0,0,0,0,0,0,0,0,0,0,0,0,0,0,3,0,0,0,0,0,0,0,0,0,0,1,0,0,0,1,0,0,0,0,0,0,0,0,0,0,0,0,0,1,0,0,0,0,1,0,0,23,1
1,0,1,0,0,0,0,0,0,0,0,0,0,0,0,0,0,1,1,0,1,0,0,1,0,1,0,0,0,0,0,0,0,3,10,3,1,0,0,0,0,0,1,0,0,0,0,0,0,1,0,0,0,0,0,0,0,1,0,1,0,0,0,0,0,24,1
1,0,1,1,0,1,0,0,0,0,0,0,1,0,0,0,1,2,1,0,0,1,0,0,0,0,2,0,1,0,9,9,7,0,9,9,7,0,0,0,0,0,1,0,0,0,0,0,0,0,0,0,0,0,0,0,0,1,0,1,0,0,0,0,0,24,1
1,0,0,1,0,0,0,1,0,0,0,0,0,0,0,0,0,0,0,0,0,0,0,0,0,0,0,0,2,2,6,8,2,2,6,8,2,0,0,0,0,0,1,0,0,0,0,0,0,0,0,0,0,0,0,0,0,1,0,1,0,0,0,0,0,24,1
2,1,0,0,0,0,0,2,0,0,0,0,2,0,0,0,2,10,6,0,2,0,0,0,1,1,0,0,1,5,4,2,0,5,4,2,0,0,0,1,0,0,1,0,0,0,0,0,0,0,1,0,0,0,0,0,0,1,0,0,1,0,0,0,0,27,1
1,0,1,0,0,0,0,0,0,0,1,0,1,0,0,0,0,1,1,0,0,0,1,0,0,1,0,1,0,0,0,0,0,0,0,0,0,0,0,0,0,0,1,0,0,0,0,0,0,0,0,0,0,0,0,0,0,1,0,0,0,0,0,0,1,29,0
1,0,0,0,0,0,0,1,0,0,0,0,0,0,0,0,1,1,1,1,0,0,0,0,0,0,1,0,0,3,0,3,0,3,0,3,0,0,0,0,0,0,0,0,0,0,1,0,0,0,0,0,0,0,0,0,0,1,0,0,0,0,0,0,1,29,0
1,0,0,1,0,0,1,0,0,0,0,0,1,0,0,0,1,0,1,0,0,0,0,0,1,0,0,0,1,0,3,0,1,0,3,0,1,0,0,0,0,0,0,1,0,0,0,1,0,0,0,0,0,0,0,0,0,1,0,0,0,0,1,0,0,30,0
2,2,0,0,1,0,0,0,0,1,0,0,1,0,0,0,2,1,3,0,2,0,0,1,0,0,1,0,2,5,9,21,22,5,9,21,22,0,0,0,0,0,0,1,0,0,0,1,0,0,0,0,0,0,0,0,0,1,0,1,0,0,0,0,0,31,0
1,0,0,1,0,0,0,0,1,0,0,0,0,1,0,0,1,5,13,0,1,0,0,0,1,0,0,0,1,30,8,11,1,30,8,11,1,0,0,0,0,0,0,1,0,0,0,0,0,0,0,1,0,0,0,0,1,0,0,0,0,0,0,1,0,4,1
1,0,0,0,0,0,1,0,0,0,0,0,1,0,0,1,1,0,5,0,0,0,0,0,1,0,0,0,0,0,30,3,28,0,30,3,28,0,0,0,0,0,0,0,0,0,0,0,0,0,0,0,0,0,0,0,1,0,0,0,0,0,1,0,0,6,0
1,0,0,1,0,1,0,0,0,0,0,0,1,0,0,0,1,8,6,0,1,0,0,1,0,0,0,0,1,10,52,69,25,10,52,69,25,0,0,0,0,1,1,0,0,0,0,1,0,0,0,0,0,0,0,0,1,0,0,0,0,0,0,1,0,11,1
0,1,0,0,0,0,0,0,0,0,0,0,0,0,0,0,0,0,0,0,0,0,0,0,0,0,0,0,1,0,0,0,0,0,0,0,0,1,0,0,0,1,0,0,0,0,1,1,0,0,0,0,0,0,0,0,1,0,0,0,0,0,0,1,0,11,0
0,1,0,0,0,0,0,0,0,0,0,0,0,0,0,0,0,0,0,0,0,0,0,0,0,0,0,0,1,0,0,0,0,0,0,0,0,0,0,0,0,1,0,0,0,0,1,1,0,0,0,0,0,0,0,0,1,0,0,0,0,0,0,1,0,11,0
0,1,0,0,0,0,0,0,0,0,0,0,0,0,0,0,0,0,0,0,0,0,0,0,0,0,0,0,1,0,0,0,0,0,0,0,0,0,1,0,0,1,0,0,0,0,1,1,0,0,0,0,0,0,0,0,1,0,0,0,0,0,0,1,0,11,0
0,1,0,0,0,0,0,0,0,0,0,0,0,0,0,0,0,0,0,0,0,0,0,0,0,0,0,0,1,0,0,0,0,0,0,0,0,0,0,0,0,1,0,0,0,0,1,1,0,0,0,0,0,0,0,0,1,0,0,0,0,0,0,1,0,11,0
1,0,0,1,0,0,0,0,0,1,0,0,0,0,0,1,1,6,5,0,0,1,0,0,0,1,0,0,1,0,8,1,4,0,8,1,4,0,0,0,0,0,1,0,0,0,0,0,0,0,0,0,0,0,0,0,1,0,0,0,0,0,0,1,0,11,1
1,0,0,0,0,0,0,0,1,0,0,0,0,0,1,0,1,1,8,0,0,0,0,1,0,0,0,0,0,3,23,15,13,3,23,15,13,0,0,0,0,0,1,0,0,0,0,0,0,0,1,0,0,0,0,0,1,0,0,0,0,0,0,1,0,11,1
0,1,0,0,0,0,0,0,0,0,0,0,0,0,0,0,0,0,0,0,0,0,0,0,0,0,0,0,1,0,0,0,0,0,0,0,0,0,0,0,0,1,0,0,0,0,1,1,0,0,0,0,0,0,0,0,1,0,0,0,0,0,0,1,0,11,0
0,1,0,0,0,0,0,0,0,0,0,0,0,0,0,0,0,0,0,0,0,0,0,0,0,0,0,0,1,0,0,0,0,0,0,0,0,0,0,0,0,1,0,0,0,0,1,1,0,0,0,0,0,0,0,0,1,0,0,0,0,0,0,1,0,11,0
0,1,0,0,0,0,0,0,0,0,0,0,0,0,0,0,0,0,0,0,0,0,0,0,0,0,0,0,1,0,0,0,0,0,0,0,0,0,0,0,0,1,0,0,0,0,1,1,0,0,0,0,0,0,0,0,1,0,0,0,0,0,0,1,0,11,0
1,1,0,0,0,0,0,1,0,0,0,0,1,0,0,0,0,0,7,0,1,0,0,0,1,0,0,0,1,17,26,18,12,17,26,18,12,0,0,0,0,0,1,0,0,0,0,0,0,0,1,0,0,0,0,0,1,0,0,0,0,0,0,1,0,11,0
0,1,0,0,0,0,0,0,0,0,0,0,0,0,0,0,0,0,0,0,0,0,0,0,0,0,0,0,1,0,0,0,0,0,0,0,0,0,0,0,0,1,0,0,0,0,1,1,0,0,0,0,0,0,0,0,1,0,0,0,0,0,0,1,0,11,0
0,1,0,0,0,0,0,0,0,0,0,0,0,0,0,0,0,0,0,0,0,0,0,0,0,0,0,0,1,0,0,0,0,0,0,0,0,0,0,1,0,1,0,0,0,0,1,1,0,0,0,0,0,0,0,0,1,0,0,0,0,0,0,1,0,11,0
1,0,0,0,0,0,0,0,0,0,1,0,0,0,0,0,0,1,1,0,1,0,0,1,0,0,0,0,0,0,0,0,0,0,0,0,0,0,0,0,0,1,0,0,0,1,0,1,0,0,0,0,0,0,0,0,1,0,0,0,0,0,0,0,1,19,1
0,1,0,0,0,0,0,0,0,0,0,0,0,0,0,0,0,0,0,0,0,0,0,0,0,0,0,0,1,0,0,0,0,0,0,0,0,0,0,0,0,1,0,0,0,1,0,1,0,0,0,0,0,0,0,0,1,0,0,0,0,0,0,0,1,19,1
1,0,0,0,0,0,0,0,0,0,0,0,1,0,0,0,1,1,0,0,1,0,0,0,0,0,0,1,0,0,0,0,0,0,0,0,0,0,0,0,0,1,0,0,0,0,0,1,0,0,0,0,0,0,0,0,1,0,0,0,0,0,0,0,1,19,1
1,0,0,0,0,0,0,0,0,0,1,0,0,0,0,0,0,0,1,0,1,0,0,1,0,0,0,0,0,0,0,0,0,0,0,0,0,0,0,1,0,1,0,0,0,0,1,1,0,0,0,0,0,0,0,0,1,0,0,0,0,0,0,0,1,19,0
1,0,0,0,0,0,0,0,0,0,0,0,0,0,0,0,0,0,1,0,1,0,0,0,0,0,0,0,1,0,0,0,0,0,0,0,0,0,0,0,0,1,0,0,0,0,1,1,0,0,0,0,0,0,0,0,1,0,0,0,0,0,0,0,1,19,0
1,0,0,0,0,0,0,0,0,0,0,0,1,0,0,1,1,1,5,0,1,0,0,1,0,0,0,0,0,0,1,0,2,0,1,0,2,0,1,0,0,1,0,0,0,0,1,1,0,0,0,0,0,0,0,0,1,0,0,0,0,0,0,0,1,19,0
0,0,0,0,0,0,0,0,0,0,0,0,0,0,0,0,0,0,0,0,0,0,0,0,0,0,0,0,1,0,0,0,0,0,0,0,0,0,0,0,0,1,0,0,0,0,1,1,0,0,0,0,0,0,0,0,1,0,0,0,0,0,0,0,1,19,0
1,0,0,0,0,0,0,0,0,0,1,0,1,0,0,0,1,0,1,0,1,0,0,0,0,0,0,1,0,1,0,0,0,1,0,0,0,0,0,0,0,1,0,0,0,0,1,1,0,0,0,0,0,0,0,0,1,0,0,0,0,0,0,0,1,19,0
1,0,0,0,0,0,0,0,0,0,0,0,0,0,0,0,0,0,1,0,1,0,0,0,0,0,0,0,1,0,0,0,0,0,0,0,0,1,0,0,0,1,0,0,0,0,1,1,0,0,0,0,0,0,0,0,1,0,0,0,0,0,0,0,1,19,0
1,0,0,0,0,0,0,0,0,0,1,0,0,0,0,0,1,1,1,0,1,0,0,0,0,1,0,0,0,0,4,0,0,0,4,0,0,0,0,0,0,1,0,0,1,0,0,1,0,0,0,0,0,0,0,0,1,0,0,0,0,0,0,0,1,19,1
0,0,0,0,0,0,0,0,0,0,0,0,0,0,0,0,0,0,0,0,0,0,0,0,0,0,0,0,1,0,0,0,0,0,0,0,0,0,0,0,0,1,0,0,0,0,1,1,0,0,0,0,0,0,0,0,1,0,0,0,0,0,0,0,1,19,0
1,0,0,0,0,0,0,0,0,0,0,0,0,1,0,1,1,1,0,0,1,0,0,0,0,1,0,0,0,3,5,1,5,3,5,1,5,0,0,0,0,1,0,0,0,0,0,1,0,0,0,0,0,0,0,0,1,0,0,0,0,0,0,0,1,19,1
2,0,1,0,0,0,1,0,1,0,0,0,1,0,0,0,2,1,7,0,1,1,0,1,1,0,0,0,1,3,7,18,1,3,7,18,1,0,0,0,0,0,0,0,1,0,0,0,0,0,0,0,0,0,0,0,1,0,0,0,0,0,1,0,0,20,0
1,0,0,0,0,0,0,0,0,0,1,0,0,0,1,0,1,2,9,0,1,0,0,1,0,1,0,0,0,3,2,1,2,3,2,1,2,1,0,0,0,0,0,0,0,0,1,0,0,0,0,0,0,0,0,0,1,0,0,0,0,0,0,0,1,26,0
1,0,0,0,0,0,0,0,1,0,0,0,0,0,0,0,0,2,10,0,1,0,0,1,0,0,0,0,0,0,0,0,0,0,0,0,0,0,0,1,0,0,0,1,0,0,0,0,0,0,0,0,0,0,0,0,1,0,0,0,0,0,1,0,0,27,0
1,0,0,0,0,0,0,0,1,0,0,0,0,0,0,0,0,2,10,0,1,0,0,1,0,0,0,0,0,0,0,0,0,0,0,0,0,0,0,1,0,0,0,0,0,0,1,0,0,0,0,0,0,0,0,0,1,0,0,0,0,0,1,0,0,27,0
1,3,0,1,0,0,0,0,0,0,0,0,1,0,0,0,1,1,0,0,0,0,0,1,0,0,0,0,5,0,1,1,1,0,1,1,1,0,0,0,0,0,1,0,0,0,0,0,0,1,0,0,0,0,0,0,1,0,0,0,0,0,1,0,0,27,1
1,0,0,0,0,1,0,0,0,0,0,0,1,0,0,0,1,7,4,0,0,0,0,0,1,0,0,0,0,2,5,3,1,2,5,3,1,0,0,0,0,0,1,0,0,0,0,0,0,0,1,0,0,0,0,0,0,0,0,0,1,0,0,0,0,1,1
2,2,0,0,0,0,0,0,1,0,1,0,1,0,0,0,1,1,13,0,2,0,0,1,0,1,0,0,2,2,5,6,1,2,5,6,1,0,0,0,0,0,0,0,0,0,1,0,0,1,0,0,0,0,0,0,0,0,0,0,0,0,0,1,0,2,0
2,0,0,0,0,0,0,0,0,1,0,0,1,0,0,0,2,4,6,0,2,0,0,2,0,0,0,0,0,2,2,1,1,2,2,1,1,1,0,0,0,0,1,0,0,0,0,0,1,0,0,0,0,0,0,0,0,0,0,1,0,0,0,0,0,5,1
3,0,0,0,0,0,1,0,0,0,1,0,2,0,0,1,1,14,4,3,0,0,0,0,0,1,0,2,1,58,27,24,5,58,27,24,5,0,0,0,0,0,0,0,0,0,1,0,0,0,0,1,0,0,0,0,0,0,0,0,1,0,0,0,0,8,1
1,0,0,0,0,0,1,0,0,0,0,0,0,0,0,0,0,1,1,0,0,0,0,1,0,0,0,0,0,0,0,0,0,0,0,0,0,0,1,0,0,0,0,0,1,0,0,0,1,0,0,0,0,0,0,0,0,0,0,0,0,0,0,1,0,9,0
1,0,0,1,0,0,0,0,1,0,0,0,0,0,0,0,0,0,0,0,1,0,0,1,0,0,0,0,1,4,9,9,15,4,9,9,15,0,0,0,0,0,1,0,0,0,0,0,0,1,0,0,0,0,0,0,0,0,0,0,0,0,0,1,0,9,0
1,0,0,0,0,0,1,0,0,0,0,0,0,0,0,0,0,1,1,0,0,0,0,1,0,0,0,0,0,0,0,0,0,0,0,0,0,0,1,0,0,0,0,1,0,0,0,0,1,0,0,0,0,0,0,0,0,0,0,0,0,0,0,1,0,9,0
1,0,0,0,0,0,1,0,0,0,0,0,0,0,1,0,1,0,2,0,0,0,0,0,1,0,0,0,0,2,2,1,0,2,2,1,0,0,0,0,0,0,1,0,0,0,0,0,0,0,0,1,0,0,0,0,0,0,0,0,0,0,0,0,1,10,1
1,0,0,1,0,0,0,0,1,0,0,0,0,1,0,0,1,0,2,0,0,1,0,1,0,0,0,0,1,2,5,2,2,2,5,2,2,0,0,0,0,0,1,0,0,0,0,0,0,0,0,0,0,0,0,0,0,0,0,0,1,0,0,0,0,15,0
1,0,0,0,0,0,0,0,0,0,0,0,0,0,0,0,0,3,9,0,1,0,0,0,0,0,0,1,0,3,2,1,2,3,2,1,2,0,1,0,0,0,0,0,0,1,0,0,0,0,0,0,0,0,0,0,0,0,0,0,0,0,0,1,0,16,0
1,0,0,0,0,0,0,0,0,0,0,0,0,0,0,0,0,3,9,0,1,0,0,0,0,0,0,1,0,3,2,1,2,3,2,1,2,0,1,0,0,0,0,1,0,0,0,0,1,0,0,0,0,0,0,0,0,0,0,0,0,0,0,1,0,16,0
3,0,0,0,0,0,1,1,0,1,0,0,3,0,0,0,1,16,42,0,3,0,0,0,0,2,0,1,0,16,26,25,4,16,26,25,4,0,1,0,0,0,0,0,0,0,1,0,0,0,0,0,0,0,0,0,0,0,0,0,0,0,0,0,1,17,0
2,0,0,0,0,0,0,0,1,1,0,0,1,0,0,0,2,6,18,0,1,1,0,1,0,1,0,0,0,19,34,9,10,19,34,9,10,0,1,0,0,0,0,0,0,0,1,0,0,0,0,0,0,0,0,0,0,0,0,1,0,0,0,0,0,19,0
1,0,0,0,0,1,0,0,0,0,0,0,1,0,0,0,0,7,1,0,0,0,0,0,0,0,0,1,0,0,6,12,2,0,6,12,2,0,0,0,0,0,1,0,0,0,0,0,0,0,1,0,0,0,0,0,0,0,0,0,1,0,0,0,0,22,1
2,0,0,0,0,0,0,0,0,2,0,0,0,1,0,0,2,8,9,0,2,0,0,0,0,2,0,0,0,13,11,6,2,13,11,6,2,1,0,0,0,0,1,0,0,0,0,0,0,0,1,0,0,0,0,0,0,0,0,0,0,0,0,1,0,23,1
1,0,0,0,0,1,0,0,0,0,0,0,0,0,0,0,1,1,3,1,0,0,0,0,0,0,1,0,0,3,4,5,20,3,4,5,20,0,0,0,0,0,0,0,0,0,1,0,0,1,0,0,0,0,0,0,0,0,0,0,0,0,0,0,1,24,0
1,0,0,0,0,0,0,0,0,1,0,0,1,0,0,0,1,2,1,1,0,0,0,0,1,0,0,0,0,0,3,7,2,0,3,7,2,0,0,0,0,0,1,0,0,0,0,0,0,0,1,0,0,0,0,0,0,0,0,0,0,0,0,0,1,24,1
